id,firstname,lastname,email,email2,profession
100,Aigneis,Connelly,Aigneis.Connelly@yopmail.com,Aigneis.Connelly@gmail.com,firefighter
101,Shirlee,Eckblad,Shirlee.Eckblad@yopmail.com,Shirlee.Eckblad@gmail.com,worker
102,Ilse,Wind,Ilse.Wind@yopmail.com,Ilse.Wind@gmail.com,firefighter
103,Marjie,Schenck,Marjie.Schenck@yopmail.com,Marjie.Schenck@gmail.com,worker
104,Nanete,Stover,Nanete.Stover@yopmail.com,Nanete.Stover@gmail.com,worker
105,Gui,Shelba,Gui.Shelba@yopmail.com,Gui.Shelba@gmail.com,worker
106,Lanna,Odysseus,Lanna.Odysseus@yopmail.com,Lanna.Odysseus@gmail.com,police officer
107,Roslyn,Allys,Roslyn.Allys@yopmail.com,Roslyn.Allys@gmail.com,developer
108,Meg,Zina,Meg.Zina@yopmail.com,Meg.Zina@gmail.com,worker
109,Marguerite,Melan,Marguerite.Melan@yopmail.com,Marguerite.Melan@gmail.com,police officer
110,Merrie,Lasley,Merrie.Lasley@yopmail.com,Merrie.Lasley@gmail.com,worker
111,Ariela,Gavrila,Ariela.Gavrila@yopmail.com,Ariela.Gavrila@gmail.com,police officer
112,Morganica,Roscoe,Morganica.Roscoe@yopmail.com,Morganica.Roscoe@gmail.com,doctor
113,Meriel,Orlene,Meriel.Orlene@yopmail.com,Meriel.Orlene@gmail.com,police officer
114,Asia,Stoller,Asia.Stoller@yopmail.com,Asia.Stoller@gmail.com,worker
115,Melisent,Lory,Melisent.Lory@yopmail.com,Melisent.Lory@gmail.com,developer
116,Doro,Amadas,Doro.Amadas@yopmail.com,Doro.Amadas@gmail.com,worker
117,Roxane,Chapland,Roxane.Chapland@yopmail.com,Roxane.Chapland@gmail.com,doctor
118,Steffane,Joseph,Steffane.Joseph@yopmail.com,Steffane.Joseph@gmail.com,doctor
119,Jaime,Rodmann,Jaime.Rodmann@yopmail.com,Jaime.Rodmann@gmail.com,worker
120,Elora,Bibi,Elora.Bibi@yopmail.com,Elora.Bibi@gmail.com,worker
121,Livvyy,Mayeda,Livvyy.Mayeda@yopmail.com,Livvyy.Mayeda@gmail.com,doctor
122,Joleen,Chobot,Joleen.Chobot@yopmail.com,Joleen.Chobot@gmail.com,firefighter
123,Catharine,Callista,Catharine.Callista@yopmail.com,Catharine.Callista@gmail.com,developer
124,Lesly,Loring,Lesly.Loring@yopmail.com,Lesly.Loring@gmail.com,developer
125,Merrie,Juliet,Merrie.Juliet@yopmail.com,Merrie.Juliet@gmail.com,firefighter
126,Elbertina,Alwin,Elbertina.Alwin@yopmail.com,Elbertina.Alwin@gmail.com,doctor
127,Carlie,Tatianas,Carlie.Tatianas@yopmail.com,Carlie.Tatianas@gmail.com,developer
128,Elka,Haldas,Elka.Haldas@yopmail.com,Elka.Haldas@gmail.com,doctor
129,Candi,Hollingsworth,Candi.Hollingsworth@yopmail.com,Candi.Hollingsworth@gmail.com,firefighter
130,Viki,Winnick,Viki.Winnick@yopmail.com,Viki.Winnick@gmail.com,firefighter
131,Kelly,Alrich,Kelly.Alrich@yopmail.com,Kelly.Alrich@gmail.com,developer
132,Collen,Gaspard,Collen.Gaspard@yopmail.com,Collen.Gaspard@gmail.com,doctor
133,Cristabel,Jacobah,Cristabel.Jacobah@yopmail.com,Cristabel.Jacobah@gmail.com,developer
134,Shaine,Zamora,Shaine.Zamora@yopmail.com,Shaine.Zamora@gmail.com,firefighter
135,Flo,Freddi,Flo.Freddi@yopmail.com,Flo.Freddi@gmail.com,police officer
136,Sibella,Drisko,Sibella.Drisko@yopmail.com,Sibella.Drisko@gmail.com,doctor
137,Joy,Michella,Joy.Michella@yopmail.com,Joy.Michella@gmail.com,developer
138,Marnia,Aldric,Marnia.Aldric@yopmail.com,Marnia.Aldric@gmail.com,firefighter
139,Candi,Toni,Candi.Toni@yopmail.com,Candi.Toni@gmail.com,worker
140,Marcelline,Corilla,Marcelline.Corilla@yopmail.com,Marcelline.Corilla@gmail.com,doctor
141,Sophia,Anselmi,Sophia.Anselmi@yopmail.com,Sophia.Anselmi@gmail.com,worker
142,Gabriellia,Jarib,Gabriellia.Jarib@yopmail.com,Gabriellia.Jarib@gmail.com,worker
143,Vonny,Tayib,Vonny.Tayib@yopmail.com,Vonny.Tayib@gmail.com,police officer
144,Selma,Naor,Selma.Naor@yopmail.com,Selma.Naor@gmail.com,firefighter
145,Nessie,Jacinda,Nessie.Jacinda@yopmail.com,Nessie.Jacinda@gmail.com,police officer
146,Kassey,Nahum,Kassey.Nahum@yopmail.com,Kassey.Nahum@gmail.com,doctor
147,Desirae,Alejoa,Desirae.Alejoa@yopmail.com,Desirae.Alejoa@gmail.com,police officer
148,Perry,Dichy,Perry.Dichy@yopmail.com,Perry.Dichy@gmail.com,developer
149,Aigneis,Aaberg,Aigneis.Aaberg@yopmail.com,Aigneis.Aaberg@gmail.com,developer
150,Diena,Donoghue,Diena.Donoghue@yopmail.com,Diena.Donoghue@gmail.com,developer
151,Jessamyn,Hanleigh,Jessamyn.Hanleigh@yopmail.com,Jessamyn.Hanleigh@gmail.com,worker
152,Tomasina,Slifka,Tomasina.Slifka@yopmail.com,Tomasina.Slifka@gmail.com,worker
153,Brana,Goode,Brana.Goode@yopmail.com,Brana.Goode@gmail.com,police officer
154,Deane,Lubin,Deane.Lubin@yopmail.com,Deane.Lubin@gmail.com,firefighter
155,Emilia,Isidore,Emilia.Isidore@yopmail.com,Emilia.Isidore@gmail.com,developer
156,Ulrike,Chapland,Ulrike.Chapland@yopmail.com,Ulrike.Chapland@gmail.com,police officer
157,Marika,Annabella,Marika.Annabella@yopmail.com,Marika.Annabella@gmail.com,developer
158,Thalia,Mintz,Thalia.Mintz@yopmail.com,Thalia.Mintz@gmail.com,doctor
159,Mary,Gaynor,Mary.Gaynor@yopmail.com,Mary.Gaynor@gmail.com,worker
160,Farrah,Lutero,Farrah.Lutero@yopmail.com,Farrah.Lutero@gmail.com,worker
161,Kathy,Gaspard,Kathy.Gaspard@yopmail.com,Kathy.Gaspard@gmail.com,developer
162,Kathi,Randene,Kathi.Randene@yopmail.com,Kathi.Randene@gmail.com,police officer
163,Frieda,Sperling,Frieda.Sperling@yopmail.com,Frieda.Sperling@gmail.com,developer
164,Mureil,Cornelia,Mureil.Cornelia@yopmail.com,Mureil.Cornelia@gmail.com,firefighter
165,Rhoda,Dreda,Rhoda.Dreda@yopmail.com,Rhoda.Dreda@gmail.com,doctor
166,Talya,Newell,Talya.Newell@yopmail.com,Talya.Newell@gmail.com,firefighter
167,Layla,Fiann,Layla.Fiann@yopmail.com,Layla.Fiann@gmail.com,police officer
168,Luci,Colyer,Luci.Colyer@yopmail.com,Luci.Colyer@gmail.com,doctor
169,Sarette,Atonsah,Sarette.Atonsah@yopmail.com,Sarette.Atonsah@gmail.com,worker
170,Atlanta,Pyle,Atlanta.Pyle@yopmail.com,Atlanta.Pyle@gmail.com,doctor
171,Nicoli,Arley,Nicoli.Arley@yopmail.com,Nicoli.Arley@gmail.com,worker
172,Tabbatha,Thunell,Tabbatha.Thunell@yopmail.com,Tabbatha.Thunell@gmail.com,police officer
173,Margette,Aprile,Margette.Aprile@yopmail.com,Margette.Aprile@gmail.com,police officer
174,Ellette,Bahr,Ellette.Bahr@yopmail.com,Ellette.Bahr@gmail.com,worker
175,Odessa,Pillsbury,Odessa.Pillsbury@yopmail.com,Odessa.Pillsbury@gmail.com,firefighter
176,Nickie,Shirberg,Nickie.Shirberg@yopmail.com,Nickie.Shirberg@gmail.com,doctor
177,Amalie,Fadiman,Amalie.Fadiman@yopmail.com,Amalie.Fadiman@gmail.com,doctor
178,Melanie,Bari,Melanie.Bari@yopmail.com,Melanie.Bari@gmail.com,doctor
179,Sophia,Fry,Sophia.Fry@yopmail.com,Sophia.Fry@gmail.com,firefighter
180,Natka,Bohlin,Natka.Bohlin@yopmail.com,Natka.Bohlin@gmail.com,worker
181,Annice,Secrest,Annice.Secrest@yopmail.com,Annice.Secrest@gmail.com,doctor
182,Sallie,Robertson,Sallie.Robertson@yopmail.com,Sallie.Robertson@gmail.com,developer
183,Elmira,Serilda,Elmira.Serilda@yopmail.com,Elmira.Serilda@gmail.com,doctor
184,Wynne,Federica,Wynne.Federica@yopmail.com,Wynne.Federica@gmail.com,police officer
185,Deloria,Scammon,Deloria.Scammon@yopmail.com,Deloria.Scammon@gmail.com,worker
186,Desirae,Estella,Desirae.Estella@yopmail.com,Desirae.Estella@gmail.com,worker
187,Dulcinea,Sekofski,Dulcinea.Sekofski@yopmail.com,Dulcinea.Sekofski@gmail.com,worker
188,Ricky,Carbo,Ricky.Carbo@yopmail.com,Ricky.Carbo@gmail.com,firefighter
189,Mady,Cecile,Mady.Cecile@yopmail.com,Mady.Cecile@gmail.com,worker
190,Merci,Jacinda,Merci.Jacinda@yopmail.com,Merci.Jacinda@gmail.com,developer
191,Josephine,Uird,Josephine.Uird@yopmail.com,Josephine.Uird@gmail.com,developer
192,Tera,Maryanne,Tera.Maryanne@yopmail.com,Tera.Maryanne@gmail.com,doctor
193,Helsa,Rosemary,Helsa.Rosemary@yopmail.com,Helsa.Rosemary@gmail.com,developer
194,Deane,Durware,Deane.Durware@yopmail.com,Deane.Durware@gmail.com,worker
195,Dorene,Telfer,Dorene.Telfer@yopmail.com,Dorene.Telfer@gmail.com,doctor
196,Jsandye,Lipson,Jsandye.Lipson@yopmail.com,Jsandye.Lipson@gmail.com,worker
197,Bettine,Kazimir,Bettine.Kazimir@yopmail.com,Bettine.Kazimir@gmail.com,worker
198,Florie,Aldric,Florie.Aldric@yopmail.com,Florie.Aldric@gmail.com,firefighter
199,Valera,Henebry,Valera.Henebry@yopmail.com,Valera.Henebry@gmail.com,firefighter
200,Kristan,Wenda,Kristan.Wenda@yopmail.com,Kristan.Wenda@gmail.com,police officer
201,Marcy,Middleton,Marcy.Middleton@yopmail.com,Marcy.Middleton@gmail.com,police officer
202,Drucie,Berard,Drucie.Berard@yopmail.com,Drucie.Berard@gmail.com,worker
203,Ottilie,Ulphia,Ottilie.Ulphia@yopmail.com,Ottilie.Ulphia@gmail.com,firefighter
204,Alyssa,Carvey,Alyssa.Carvey@yopmail.com,Alyssa.Carvey@gmail.com,doctor
205,Melina,Chauncey,Melina.Chauncey@yopmail.com,Melina.Chauncey@gmail.com,worker
206,Carly,Auberbach,Carly.Auberbach@yopmail.com,Carly.Auberbach@gmail.com,developer
207,Gianina,Eben,Gianina.Eben@yopmail.com,Gianina.Eben@gmail.com,firefighter
208,Ginnie,Shama,Ginnie.Shama@yopmail.com,Ginnie.Shama@gmail.com,firefighter
209,Danika,Martsen,Danika.Martsen@yopmail.com,Danika.Martsen@gmail.com,firefighter
210,Marinna,Radu,Marinna.Radu@yopmail.com,Marinna.Radu@gmail.com,developer
211,Karlee,Firmin,Karlee.Firmin@yopmail.com,Karlee.Firmin@gmail.com,doctor
212,Hyacinthe,Fink,Hyacinthe.Fink@yopmail.com,Hyacinthe.Fink@gmail.com,worker
213,Nariko,Uund,Nariko.Uund@yopmail.com,Nariko.Uund@gmail.com,police officer
214,Viviene,Stevy,Viviene.Stevy@yopmail.com,Viviene.Stevy@gmail.com,police officer
215,Perry,Heidt,Perry.Heidt@yopmail.com,Perry.Heidt@gmail.com,doctor
216,Jaclyn,Mayeda,Jaclyn.Mayeda@yopmail.com,Jaclyn.Mayeda@gmail.com,developer
217,Maurene,Aloise,Maurene.Aloise@yopmail.com,Maurene.Aloise@gmail.com,developer
218,Dominga,Neils,Dominga.Neils@yopmail.com,Dominga.Neils@gmail.com,worker
219,Verla,Devlen,Verla.Devlen@yopmail.com,Verla.Devlen@gmail.com,worker
220,Fernande,Sidonius,Fernande.Sidonius@yopmail.com,Fernande.Sidonius@gmail.com,developer
221,Sashenka,Douglass,Sashenka.Douglass@yopmail.com,Sashenka.Douglass@gmail.com,doctor
222,Audrie,Iiette,Audrie.Iiette@yopmail.com,Audrie.Iiette@gmail.com,developer
223,Adriana,Sibyls,Adriana.Sibyls@yopmail.com,Adriana.Sibyls@gmail.com,worker
224,Tarra,Screens,Tarra.Screens@yopmail.com,Tarra.Screens@gmail.com,developer
225,Henriette,Ethban,Henriette.Ethban@yopmail.com,Henriette.Ethban@gmail.com,worker
226,Wilma,Lymann,Wilma.Lymann@yopmail.com,Wilma.Lymann@gmail.com,firefighter
227,Nannie,Talia,Nannie.Talia@yopmail.com,Nannie.Talia@gmail.com,firefighter
228,Clary,Blisse,Clary.Blisse@yopmail.com,Clary.Blisse@gmail.com,police officer
229,Petronia,Persse,Petronia.Persse@yopmail.com,Petronia.Persse@gmail.com,developer
230,Gwenneth,Cyrie,Gwenneth.Cyrie@yopmail.com,Gwenneth.Cyrie@gmail.com,firefighter
231,Inga,Tillford,Inga.Tillford@yopmail.com,Inga.Tillford@gmail.com,worker
232,Lanae,Stanwood,Lanae.Stanwood@yopmail.com,Lanae.Stanwood@gmail.com,firefighter
233,Cissiee,Casimir,Cissiee.Casimir@yopmail.com,Cissiee.Casimir@gmail.com,firefighter
234,Netty,Friede,Netty.Friede@yopmail.com,Netty.Friede@gmail.com,doctor
235,Shannah,Goerke,Shannah.Goerke@yopmail.com,Shannah.Goerke@gmail.com,worker
236,Larine,Docilla,Larine.Docilla@yopmail.com,Larine.Docilla@gmail.com,police officer
237,Roz,Hessler,Roz.Hessler@yopmail.com,Roz.Hessler@gmail.com,worker
238,Kary,Standing,Kary.Standing@yopmail.com,Kary.Standing@gmail.com,worker
239,Carmela,Israeli,Carmela.Israeli@yopmail.com,Carmela.Israeli@gmail.com,doctor
240,Tonia,Lea,Tonia.Lea@yopmail.com,Tonia.Lea@gmail.com,developer
241,Gretal,Pattin,Gretal.Pattin@yopmail.com,Gretal.Pattin@gmail.com,firefighter
242,Catrina,Sprage,Catrina.Sprage@yopmail.com,Catrina.Sprage@gmail.com,doctor
243,Sophia,Gino,Sophia.Gino@yopmail.com,Sophia.Gino@gmail.com,doctor
244,Jorry,Georas,Jorry.Georas@yopmail.com,Jorry.Georas@gmail.com,firefighter
245,Edee,Noman,Edee.Noman@yopmail.com,Edee.Noman@gmail.com,worker
246,Lily,Harl,Lily.Harl@yopmail.com,Lily.Harl@gmail.com,doctor
247,Dorthy,Old,Dorthy.Old@yopmail.com,Dorthy.Old@gmail.com,doctor
248,Clary,Joeann,Clary.Joeann@yopmail.com,Clary.Joeann@gmail.com,police officer
249,Julieta,Yorick,Julieta.Yorick@yopmail.com,Julieta.Yorick@gmail.com,firefighter
250,Arlina,Sammons,Arlina.Sammons@yopmail.com,Arlina.Sammons@gmail.com,police officer
251,Nanete,Arley,Nanete.Arley@yopmail.com,Nanete.Arley@gmail.com,worker
252,Chandra,Kelula,Chandra.Kelula@yopmail.com,Chandra.Kelula@gmail.com,developer
253,Aurelie,Manolo,Aurelie.Manolo@yopmail.com,Aurelie.Manolo@gmail.com,firefighter
254,Roz,Gualtiero,Roz.Gualtiero@yopmail.com,Roz.Gualtiero@gmail.com,police officer
255,Briney,Burch,Briney.Burch@yopmail.com,Briney.Burch@gmail.com,developer
256,Zia,Borrell,Zia.Borrell@yopmail.com,Zia.Borrell@gmail.com,worker
257,Candy,Havens,Candy.Havens@yopmail.com,Candy.Havens@gmail.com,doctor
258,Paola,Naor,Paola.Naor@yopmail.com,Paola.Naor@gmail.com,firefighter
259,Kerrin,Vary,Kerrin.Vary@yopmail.com,Kerrin.Vary@gmail.com,worker
260,Marline,Bashemeth,Marline.Bashemeth@yopmail.com,Marline.Bashemeth@gmail.com,doctor
261,Kamilah,Giule,Kamilah.Giule@yopmail.com,Kamilah.Giule@gmail.com,developer
262,Odessa,Hailee,Odessa.Hailee@yopmail.com,Odessa.Hailee@gmail.com,worker
263,Carree,Colp,Carree.Colp@yopmail.com,Carree.Colp@gmail.com,firefighter
264,Harrietta,Sekofski,Harrietta.Sekofski@yopmail.com,Harrietta.Sekofski@gmail.com,developer
265,Karena,Gino,Karena.Gino@yopmail.com,Karena.Gino@gmail.com,police officer
266,Leontine,Corilla,Leontine.Corilla@yopmail.com,Leontine.Corilla@gmail.com,worker
267,Alleen,Tice,Alleen.Tice@yopmail.com,Alleen.Tice@gmail.com,developer
268,Elfreda,Baylor,Elfreda.Baylor@yopmail.com,Elfreda.Baylor@gmail.com,worker
269,Lenna,Loleta,Lenna.Loleta@yopmail.com,Lenna.Loleta@gmail.com,police officer
270,Alia,Dorcy,Alia.Dorcy@yopmail.com,Alia.Dorcy@gmail.com,worker
271,Lorne,Pauly,Lorne.Pauly@yopmail.com,Lorne.Pauly@gmail.com,firefighter
272,Ariela,Lalitta,Ariela.Lalitta@yopmail.com,Ariela.Lalitta@gmail.com,doctor
273,Josephine,Salvidor,Josephine.Salvidor@yopmail.com,Josephine.Salvidor@gmail.com,doctor
274,Roslyn,Brackely,Roslyn.Brackely@yopmail.com,Roslyn.Brackely@gmail.com,worker
275,Lorenza,Jerald,Lorenza.Jerald@yopmail.com,Lorenza.Jerald@gmail.com,developer
276,Maud,Winnick,Maud.Winnick@yopmail.com,Maud.Winnick@gmail.com,police officer
277,Rubie,Guildroy,Rubie.Guildroy@yopmail.com,Rubie.Guildroy@gmail.com,firefighter
278,Lisette,Randene,Lisette.Randene@yopmail.com,Lisette.Randene@gmail.com,worker
279,Neila,Engdahl,Neila.Engdahl@yopmail.com,Neila.Engdahl@gmail.com,firefighter
280,Donetta,Meli,Donetta.Meli@yopmail.com,Donetta.Meli@gmail.com,worker
281,Krystle,Tristram,Krystle.Tristram@yopmail.com,Krystle.Tristram@gmail.com,police officer
282,Jorry,Cimbura,Jorry.Cimbura@yopmail.com,Jorry.Cimbura@gmail.com,worker
283,Danika,Goth,Danika.Goth@yopmail.com,Danika.Goth@gmail.com,developer
284,Meghann,Uird,Meghann.Uird@yopmail.com,Meghann.Uird@gmail.com,developer
285,Doro,Dulciana,Doro.Dulciana@yopmail.com,Doro.Dulciana@gmail.com,worker
286,Ivett,Millda,Ivett.Millda@yopmail.com,Ivett.Millda@gmail.com,doctor
287,Aurelie,Franza,Aurelie.Franza@yopmail.com,Aurelie.Franza@gmail.com,worker
288,Bobbi,Mintz,Bobbi.Mintz@yopmail.com,Bobbi.Mintz@gmail.com,developer
289,Aaren,Nedrud,Aaren.Nedrud@yopmail.com,Aaren.Nedrud@gmail.com,developer
290,Gratia,Uird,Gratia.Uird@yopmail.com,Gratia.Uird@gmail.com,police officer
291,Janeczka,Peg,Janeczka.Peg@yopmail.com,Janeczka.Peg@gmail.com,firefighter
292,Karina,Moseley,Karina.Moseley@yopmail.com,Karina.Moseley@gmail.com,police officer
293,Tera,Wenoa,Tera.Wenoa@yopmail.com,Tera.Wenoa@gmail.com,police officer
294,Dianemarie,Bartlett,Dianemarie.Bartlett@yopmail.com,Dianemarie.Bartlett@gmail.com,worker
295,Arlena,Jammal,Arlena.Jammal@yopmail.com,Arlena.Jammal@gmail.com,worker
296,Kelly,Desai,Kelly.Desai@yopmail.com,Kelly.Desai@gmail.com,doctor
297,Leanna,Arne,Leanna.Arne@yopmail.com,Leanna.Arne@gmail.com,police officer
298,Korrie,Lynn,Korrie.Lynn@yopmail.com,Korrie.Lynn@gmail.com,firefighter
299,Darci,Matthew,Darci.Matthew@yopmail.com,Darci.Matthew@gmail.com,doctor
300,Sarette,Denis,Sarette.Denis@yopmail.com,Sarette.Denis@gmail.com,worker
301,Nananne,Stover,Nananne.Stover@yopmail.com,Nananne.Stover@gmail.com,developer
302,Verla,Mozelle,Verla.Mozelle@yopmail.com,Verla.Mozelle@gmail.com,developer
303,Orelia,Hillel,Orelia.Hillel@yopmail.com,Orelia.Hillel@gmail.com,police officer
304,Fina,Lattie,Fina.Lattie@yopmail.com,Fina.Lattie@gmail.com,worker
305,Jobi,Kress,Jobi.Kress@yopmail.com,Jobi.Kress@gmail.com,developer
306,Albertina,Leopold,Albertina.Leopold@yopmail.com,Albertina.Leopold@gmail.com,doctor
307,Lynea,Goth,Lynea.Goth@yopmail.com,Lynea.Goth@gmail.com,developer
308,Cissiee,Bendick,Cissiee.Bendick@yopmail.com,Cissiee.Bendick@gmail.com,firefighter
309,Lindie,Beniamino,Lindie.Beniamino@yopmail.com,Lindie.Beniamino@gmail.com,worker
310,Lacie,Havens,Lacie.Havens@yopmail.com,Lacie.Havens@gmail.com,doctor
311,Tybie,Sundin,Tybie.Sundin@yopmail.com,Tybie.Sundin@gmail.com,firefighter
312,Lisette,Keelia,Lisette.Keelia@yopmail.com,Lisette.Keelia@gmail.com,firefighter
313,Lisette,Tound,Lisette.Tound@yopmail.com,Lisette.Tound@gmail.com,developer
314,Cissiee,Bonilla,Cissiee.Bonilla@yopmail.com,Cissiee.Bonilla@gmail.com,worker
315,June,Campball,June.Campball@yopmail.com,June.Campball@gmail.com,police officer
316,Shel,Chapland,Shel.Chapland@yopmail.com,Shel.Chapland@gmail.com,police officer
317,Steffane,Eldrid,Steffane.Eldrid@yopmail.com,Steffane.Eldrid@gmail.com,police officer
318,Elbertina,Seagraves,Elbertina.Seagraves@yopmail.com,Elbertina.Seagraves@gmail.com,developer
319,Oralee,Ietta,Oralee.Ietta@yopmail.com,Oralee.Ietta@gmail.com,worker
320,Chere,Borrell,Chere.Borrell@yopmail.com,Chere.Borrell@gmail.com,firefighter
321,Lisette,Cadmar,Lisette.Cadmar@yopmail.com,Lisette.Cadmar@gmail.com,worker
322,Camile,Colp,Camile.Colp@yopmail.com,Camile.Colp@gmail.com,worker
323,Norine,Creamer,Norine.Creamer@yopmail.com,Norine.Creamer@gmail.com,firefighter
324,Camile,Maroney,Camile.Maroney@yopmail.com,Camile.Maroney@gmail.com,worker
325,Ninnetta,Rocray,Ninnetta.Rocray@yopmail.com,Ninnetta.Rocray@gmail.com,worker
326,Oralee,Breed,Oralee.Breed@yopmail.com,Oralee.Breed@gmail.com,firefighter
327,Maisey,Dulciana,Maisey.Dulciana@yopmail.com,Maisey.Dulciana@gmail.com,police officer
328,Mahalia,Bebe,Mahalia.Bebe@yopmail.com,Mahalia.Bebe@gmail.com,doctor
329,Larine,Fennessy,Larine.Fennessy@yopmail.com,Larine.Fennessy@gmail.com,police officer
330,Pamella,Middleton,Pamella.Middleton@yopmail.com,Pamella.Middleton@gmail.com,worker
331,Gusella,Merna,Gusella.Merna@yopmail.com,Gusella.Merna@gmail.com,worker
332,Caressa,Teryn,Caressa.Teryn@yopmail.com,Caressa.Teryn@gmail.com,police officer
333,Jackie,Gaal,Jackie.Gaal@yopmail.com,Jackie.Gaal@gmail.com,firefighter
334,Bibby,Reidar,Bibby.Reidar@yopmail.com,Bibby.Reidar@gmail.com,police officer
335,Courtnay,Maurine,Courtnay.Maurine@yopmail.com,Courtnay.Maurine@gmail.com,developer
336,Jan,Atonsah,Jan.Atonsah@yopmail.com,Jan.Atonsah@gmail.com,police officer
337,Vevay,Gabrielli,Vevay.Gabrielli@yopmail.com,Vevay.Gabrielli@gmail.com,doctor
338,Vanessa,Darian,Vanessa.Darian@yopmail.com,Vanessa.Darian@gmail.com,doctor
339,Julieta,Bari,Julieta.Bari@yopmail.com,Julieta.Bari@gmail.com,developer
340,Katleen,Gahl,Katleen.Gahl@yopmail.com,Katleen.Gahl@gmail.com,police officer
341,Randa,Rebecka,Randa.Rebecka@yopmail.com,Randa.Rebecka@gmail.com,doctor
342,Annabela,Carey,Annabela.Carey@yopmail.com,Annabela.Carey@gmail.com,firefighter
343,Daryl,Dorine,Daryl.Dorine@yopmail.com,Daryl.Dorine@gmail.com,developer
344,Randa,Agle,Randa.Agle@yopmail.com,Randa.Agle@gmail.com,worker
345,Amara,Ardra,Amara.Ardra@yopmail.com,Amara.Ardra@gmail.com,developer
346,Averyl,Rheingold,Averyl.Rheingold@yopmail.com,Averyl.Rheingold@gmail.com,firefighter
347,Rosanne,Land,Rosanne.Land@yopmail.com,Rosanne.Land@gmail.com,police officer
348,Elena,Rosette,Elena.Rosette@yopmail.com,Elena.Rosette@gmail.com,firefighter
349,Briney,Cleo,Briney.Cleo@yopmail.com,Briney.Cleo@gmail.com,police officer
350,Dale,Colbert,Dale.Colbert@yopmail.com,Dale.Colbert@gmail.com,developer
351,Randa,Holbrook,Randa.Holbrook@yopmail.com,Randa.Holbrook@gmail.com,doctor
352,Aili,Garrison,Aili.Garrison@yopmail.com,Aili.Garrison@gmail.com,police officer
353,Lorenza,Wildermuth,Lorenza.Wildermuth@yopmail.com,Lorenza.Wildermuth@gmail.com,worker
354,Charlena,Infield,Charlena.Infield@yopmail.com,Charlena.Infield@gmail.com,firefighter
355,Gilligan,Cutlerr,Gilligan.Cutlerr@yopmail.com,Gilligan.Cutlerr@gmail.com,worker
356,Stephanie,Linehan,Stephanie.Linehan@yopmail.com,Stephanie.Linehan@gmail.com,doctor
357,Ashlee,Haldas,Ashlee.Haldas@yopmail.com,Ashlee.Haldas@gmail.com,firefighter
358,Alexine,Federica,Alexine.Federica@yopmail.com,Alexine.Federica@gmail.com,developer
359,Vinita,Glovsky,Vinita.Glovsky@yopmail.com,Vinita.Glovsky@gmail.com,police officer
360,Rani,Manolo,Rani.Manolo@yopmail.com,Rani.Manolo@gmail.com,developer
361,Rosene,Millda,Rosene.Millda@yopmail.com,Rosene.Millda@gmail.com,doctor
362,Lory,Gert,Lory.Gert@yopmail.com,Lory.Gert@gmail.com,police officer
363,Janis,Tice,Janis.Tice@yopmail.com,Janis.Tice@gmail.com,developer
364,Brana,Solitta,Brana.Solitta@yopmail.com,Brana.Solitta@gmail.com,worker
365,Kary,Eckblad,Kary.Eckblad@yopmail.com,Kary.Eckblad@gmail.com,police officer
366,Rosene,Ochs,Rosene.Ochs@yopmail.com,Rosene.Ochs@gmail.com,developer
367,Consuela,Florina,Consuela.Florina@yopmail.com,Consuela.Florina@gmail.com,police officer
368,Marita,Glovsky,Marita.Glovsky@yopmail.com,Marita.Glovsky@gmail.com,developer
369,Lexine,Arvo,Lexine.Arvo@yopmail.com,Lexine.Arvo@gmail.com,worker
370,Candy,Martguerita,Candy.Martguerita@yopmail.com,Candy.Martguerita@gmail.com,police officer
371,Lory,Bates,Lory.Bates@yopmail.com,Lory.Bates@gmail.com,police officer
372,Mildrid,Cavan,Mildrid.Cavan@yopmail.com,Mildrid.Cavan@gmail.com,doctor
373,Georgina,Rossner,Georgina.Rossner@yopmail.com,Georgina.Rossner@gmail.com,police officer
374,Orsola,Richers,Orsola.Richers@yopmail.com,Orsola.Richers@gmail.com,worker
375,Yvonne,Libna,Yvonne.Libna@yopmail.com,Yvonne.Libna@gmail.com,firefighter
376,Juliane,Fry,Juliane.Fry@yopmail.com,Juliane.Fry@gmail.com,worker
377,Tarra,Haerr,Tarra.Haerr@yopmail.com,Tarra.Haerr@gmail.com,doctor
378,Harmonia,Wilkinson,Harmonia.Wilkinson@yopmail.com,Harmonia.Wilkinson@gmail.com,police officer
379,Gianina,Sherfield,Gianina.Sherfield@yopmail.com,Gianina.Sherfield@gmail.com,worker
380,Jany,Gino,Jany.Gino@yopmail.com,Jany.Gino@gmail.com,police officer
381,Meg,Sperling,Meg.Sperling@yopmail.com,Meg.Sperling@gmail.com,developer
382,Diena,Decato,Diena.Decato@yopmail.com,Diena.Decato@gmail.com,doctor
383,Edyth,Socha,Edyth.Socha@yopmail.com,Edyth.Socha@gmail.com,developer
384,Etta,Lubin,Etta.Lubin@yopmail.com,Etta.Lubin@gmail.com,doctor
385,Gertrud,Kunin,Gertrud.Kunin@yopmail.com,Gertrud.Kunin@gmail.com,police officer
386,Raquela,Whiffen,Raquela.Whiffen@yopmail.com,Raquela.Whiffen@gmail.com,doctor
387,Lauryn,Wandie,Lauryn.Wandie@yopmail.com,Lauryn.Wandie@gmail.com,firefighter
388,Robbi,Huggins,Robbi.Huggins@yopmail.com,Robbi.Huggins@gmail.com,worker
389,Allyce,Lareena,Allyce.Lareena@yopmail.com,Allyce.Lareena@gmail.com,developer
390,Siana,Shields,Siana.Shields@yopmail.com,Siana.Shields@gmail.com,police officer
391,Rosene,Sinegold,Rosene.Sinegold@yopmail.com,Rosene.Sinegold@gmail.com,worker
392,Maye,Kristi,Maye.Kristi@yopmail.com,Maye.Kristi@gmail.com,firefighter
393,Josephine,Bartlett,Josephine.Bartlett@yopmail.com,Josephine.Bartlett@gmail.com,worker
394,Charissa,Norrie,Charissa.Norrie@yopmail.com,Charissa.Norrie@gmail.com,doctor
395,Jinny,Hieronymus,Jinny.Hieronymus@yopmail.com,Jinny.Hieronymus@gmail.com,police officer
396,Beth,Tannie,Beth.Tannie@yopmail.com,Beth.Tannie@gmail.com,doctor
397,Corene,Bebe,Corene.Bebe@yopmail.com,Corene.Bebe@gmail.com,firefighter
398,Jenda,Mehalek,Jenda.Mehalek@yopmail.com,Jenda.Mehalek@gmail.com,worker
399,Willetta,Kosey,Willetta.Kosey@yopmail.com,Willetta.Kosey@gmail.com,developer
400,Ofilia,Nickola,Ofilia.Nickola@yopmail.com,Ofilia.Nickola@gmail.com,police officer
401,Petronia,Jaylene,Petronia.Jaylene@yopmail.com,Petronia.Jaylene@gmail.com,developer
402,Teriann,Katrine,Teriann.Katrine@yopmail.com,Teriann.Katrine@gmail.com,firefighter
403,Sabina,Rugen,Sabina.Rugen@yopmail.com,Sabina.Rugen@gmail.com,doctor
404,Marleah,Christal,Marleah.Christal@yopmail.com,Marleah.Christal@gmail.com,firefighter
405,Hildegaard,Leonard,Hildegaard.Leonard@yopmail.com,Hildegaard.Leonard@gmail.com,firefighter
406,Eolanda,Guthrie,Eolanda.Guthrie@yopmail.com,Eolanda.Guthrie@gmail.com,worker
407,Sophia,Emanuel,Sophia.Emanuel@yopmail.com,Sophia.Emanuel@gmail.com,developer
408,Kristina,Curren,Kristina.Curren@yopmail.com,Kristina.Curren@gmail.com,developer
409,Taffy,Tremayne,Taffy.Tremayne@yopmail.com,Taffy.Tremayne@gmail.com,developer
410,Clary,Geffner,Clary.Geffner@yopmail.com,Clary.Geffner@gmail.com,firefighter
411,Mariele,Trace,Mariele.Trace@yopmail.com,Mariele.Trace@gmail.com,police officer
412,Minne,Linskey,Minne.Linskey@yopmail.com,Minne.Linskey@gmail.com,police officer
413,Ann-Marie,Gilmour,Ann-Marie.Gilmour@yopmail.com,Ann-Marie.Gilmour@gmail.com,worker
414,Tilly,Bandeen,Tilly.Bandeen@yopmail.com,Tilly.Bandeen@gmail.com,doctor
415,Tabbatha,Felecia,Tabbatha.Felecia@yopmail.com,Tabbatha.Felecia@gmail.com,worker
416,Merci,Kazimir,Merci.Kazimir@yopmail.com,Merci.Kazimir@gmail.com,police officer
417,Mahalia,Dunkin,Mahalia.Dunkin@yopmail.com,Mahalia.Dunkin@gmail.com,doctor
418,Elfreda,Tomasina,Elfreda.Tomasina@yopmail.com,Elfreda.Tomasina@gmail.com,worker
419,Rozele,Adrienne,Rozele.Adrienne@yopmail.com,Rozele.Adrienne@gmail.com,worker
420,Nelle,Phi,Nelle.Phi@yopmail.com,Nelle.Phi@gmail.com,police officer
421,Brandise,Hewitt,Brandise.Hewitt@yopmail.com,Brandise.Hewitt@gmail.com,police officer
422,Myrtice,Mayeda,Myrtice.Mayeda@yopmail.com,Myrtice.Mayeda@gmail.com,developer
423,Kirbee,Neva,Kirbee.Neva@yopmail.com,Kirbee.Neva@gmail.com,developer
424,Joleen,Olnee,Joleen.Olnee@yopmail.com,Joleen.Olnee@gmail.com,firefighter
425,Kial,Haerr,Kial.Haerr@yopmail.com,Kial.Haerr@gmail.com,police officer
426,Jeanna,Truc,Jeanna.Truc@yopmail.com,Jeanna.Truc@gmail.com,developer
427,Aigneis,Kiyoshi,Aigneis.Kiyoshi@yopmail.com,Aigneis.Kiyoshi@gmail.com,firefighter
428,Livvyy,Burch,Livvyy.Burch@yopmail.com,Livvyy.Burch@gmail.com,doctor
429,Mallory,Nahum,Mallory.Nahum@yopmail.com,Mallory.Nahum@gmail.com,doctor
430,Lenna,Bow,Lenna.Bow@yopmail.com,Lenna.Bow@gmail.com,developer
431,Brianna,Lutero,Brianna.Lutero@yopmail.com,Brianna.Lutero@gmail.com,worker
432,Kara-Lynn,Margret,Kara-Lynn.Margret@yopmail.com,Kara-Lynn.Margret@gmail.com,doctor
433,Darlleen,Matthew,Darlleen.Matthew@yopmail.com,Darlleen.Matthew@gmail.com,doctor
434,Therine,Screens,Therine.Screens@yopmail.com,Therine.Screens@gmail.com,doctor
435,Lenna,Guthrie,Lenna.Guthrie@yopmail.com,Lenna.Guthrie@gmail.com,developer
436,Luci,Chandler,Luci.Chandler@yopmail.com,Luci.Chandler@gmail.com,worker
437,Etta,Belldas,Etta.Belldas@yopmail.com,Etta.Belldas@gmail.com,developer
438,Ofilia,Robertson,Ofilia.Robertson@yopmail.com,Ofilia.Robertson@gmail.com,firefighter
439,Sharlene,Tomasina,Sharlene.Tomasina@yopmail.com,Sharlene.Tomasina@gmail.com,worker
440,Meghann,Sikorski,Meghann.Sikorski@yopmail.com,Meghann.Sikorski@gmail.com,police officer
441,Hayley,Hamil,Hayley.Hamil@yopmail.com,Hayley.Hamil@gmail.com,developer
442,Lucy,Hutchison,Lucy.Hutchison@yopmail.com,Lucy.Hutchison@gmail.com,developer
443,Cherrita,Jenness,Cherrita.Jenness@yopmail.com,Cherrita.Jenness@gmail.com,developer
444,Estell,Franza,Estell.Franza@yopmail.com,Estell.Franza@gmail.com,developer
445,Kary,Docilla,Kary.Docilla@yopmail.com,Kary.Docilla@gmail.com,firefighter
446,Babita,Halla,Babita.Halla@yopmail.com,Babita.Halla@gmail.com,developer
447,Amara,Eugenia,Amara.Eugenia@yopmail.com,Amara.Eugenia@gmail.com,developer
448,Tami,Faust,Tami.Faust@yopmail.com,Tami.Faust@gmail.com,firefighter
449,Myrtice,Thunell,Myrtice.Thunell@yopmail.com,Myrtice.Thunell@gmail.com,developer
450,Philis,Bettine,Philis.Bettine@yopmail.com,Philis.Bettine@gmail.com,firefighter
451,Trudie,Afton,Trudie.Afton@yopmail.com,Trudie.Afton@gmail.com,developer
452,Fayre,Cottle,Fayre.Cottle@yopmail.com,Fayre.Cottle@gmail.com,doctor
453,Jsandye,Maurine,Jsandye.Maurine@yopmail.com,Jsandye.Maurine@gmail.com,doctor
454,Donetta,Raychel,Donetta.Raychel@yopmail.com,Donetta.Raychel@gmail.com,doctor
455,Roseline,Viddah,Roseline.Viddah@yopmail.com,Roseline.Viddah@gmail.com,developer
456,Violet,Mike,Violet.Mike@yopmail.com,Violet.Mike@gmail.com,police officer
457,Donnie,Ellerey,Donnie.Ellerey@yopmail.com,Donnie.Ellerey@gmail.com,police officer
458,Sherrie,Waldron,Sherrie.Waldron@yopmail.com,Sherrie.Waldron@gmail.com,police officer
459,Brynna,Grobe,Brynna.Grobe@yopmail.com,Brynna.Grobe@gmail.com,police officer
460,Phylis,Lalitta,Phylis.Lalitta@yopmail.com,Phylis.Lalitta@gmail.com,developer
461,Karlee,Rhu,Karlee.Rhu@yopmail.com,Karlee.Rhu@gmail.com,developer
462,Cyndie,Jethro,Cyndie.Jethro@yopmail.com,Cyndie.Jethro@gmail.com,worker
463,Frances,Kiyoshi,Frances.Kiyoshi@yopmail.com,Frances.Kiyoshi@gmail.com,police officer
464,Wendi,Cottle,Wendi.Cottle@yopmail.com,Wendi.Cottle@gmail.com,police officer
465,Demetris,Lowry,Demetris.Lowry@yopmail.com,Demetris.Lowry@gmail.com,developer
466,Alyda,Korey,Alyda.Korey@yopmail.com,Alyda.Korey@gmail.com,doctor
467,Marylou,Gaynor,Marylou.Gaynor@yopmail.com,Marylou.Gaynor@gmail.com,worker
468,Nanete,Hourigan,Nanete.Hourigan@yopmail.com,Nanete.Hourigan@gmail.com,doctor
469,Catrina,Raul,Catrina.Raul@yopmail.com,Catrina.Raul@gmail.com,developer
470,Rosabelle,Mandler,Rosabelle.Mandler@yopmail.com,Rosabelle.Mandler@gmail.com,worker
471,Elbertina,Glovsky,Elbertina.Glovsky@yopmail.com,Elbertina.Glovsky@gmail.com,doctor
472,Elsie,Fennessy,Elsie.Fennessy@yopmail.com,Elsie.Fennessy@gmail.com,developer
473,Zsa Zsa,Gunn,Zsa Zsa.Gunn@yopmail.com,Zsa Zsa.Gunn@gmail.com,worker
474,Fernande,Stav,Fernande.Stav@yopmail.com,Fernande.Stav@gmail.com,worker
475,Krystle,Weitman,Krystle.Weitman@yopmail.com,Krystle.Weitman@gmail.com,worker
476,Tani,Gherardo,Tani.Gherardo@yopmail.com,Tani.Gherardo@gmail.com,police officer
477,Ronna,Plato,Ronna.Plato@yopmail.com,Ronna.Plato@gmail.com,developer
478,Carree,Mata,Carree.Mata@yopmail.com,Carree.Mata@gmail.com,worker
479,Elise,Amand,Elise.Amand@yopmail.com,Elise.Amand@gmail.com,doctor
480,Orelia,Loring,Orelia.Loring@yopmail.com,Orelia.Loring@gmail.com,developer
481,Arlina,Docilla,Arlina.Docilla@yopmail.com,Arlina.Docilla@gmail.com,doctor
482,Vinita,Sundin,Vinita.Sundin@yopmail.com,Vinita.Sundin@gmail.com,police officer
483,Bettine,Timon,Bettine.Timon@yopmail.com,Bettine.Timon@gmail.com,doctor
484,Dorice,Nore,Dorice.Nore@yopmail.com,Dorice.Nore@gmail.com,firefighter
485,Flo,Terrence,Flo.Terrence@yopmail.com,Flo.Terrence@gmail.com,doctor
486,Maye,Yate,Maye.Yate@yopmail.com,Maye.Yate@gmail.com,police officer
487,Carmencita,Oneida,Carmencita.Oneida@yopmail.com,Carmencita.Oneida@gmail.com,firefighter
488,Donetta,Wenda,Donetta.Wenda@yopmail.com,Donetta.Wenda@gmail.com,police officer
489,Shel,Felizio,Shel.Felizio@yopmail.com,Shel.Felizio@gmail.com,doctor
490,Leontine,Bultman,Leontine.Bultman@yopmail.com,Leontine.Bultman@gmail.com,developer
491,Ileana,Horan,Ileana.Horan@yopmail.com,Ileana.Horan@gmail.com,doctor
492,Aili,Morrill,Aili.Morrill@yopmail.com,Aili.Morrill@gmail.com,developer
493,Deedee,Ardra,Deedee.Ardra@yopmail.com,Deedee.Ardra@gmail.com,worker
494,Barbi,Luhe,Barbi.Luhe@yopmail.com,Barbi.Luhe@gmail.com,worker
495,Jobi,Marisa,Jobi.Marisa@yopmail.com,Jobi.Marisa@gmail.com,police officer
496,Madeleine,Ax,Madeleine.Ax@yopmail.com,Madeleine.Ax@gmail.com,worker
497,Correy,Mata,Correy.Mata@yopmail.com,Correy.Mata@gmail.com,developer
498,Perry,Buckler,Perry.Buckler@yopmail.com,Perry.Buckler@gmail.com,developer
499,Aubrie,Stacy,Aubrie.Stacy@yopmail.com,Aubrie.Stacy@gmail.com,firefighter
500,Joleen,Erlandson,Joleen.Erlandson@yopmail.com,Joleen.Erlandson@gmail.com,doctor
501,Anallese,Delila,Anallese.Delila@yopmail.com,Anallese.Delila@gmail.com,developer
502,Merrie,Harl,Merrie.Harl@yopmail.com,Merrie.Harl@gmail.com,worker
503,Kristina,Mullane,Kristina.Mullane@yopmail.com,Kristina.Mullane@gmail.com,worker
504,Gale,Horan,Gale.Horan@yopmail.com,Gale.Horan@gmail.com,worker
505,Betta,Lea,Betta.Lea@yopmail.com,Betta.Lea@gmail.com,firefighter
506,Janenna,Joni,Janenna.Joni@yopmail.com,Janenna.Joni@gmail.com,police officer
507,Micheline,Urias,Micheline.Urias@yopmail.com,Micheline.Urias@gmail.com,developer
508,Lucille,Toor,Lucille.Toor@yopmail.com,Lucille.Toor@gmail.com,police officer
509,Amara,Borrell,Amara.Borrell@yopmail.com,Amara.Borrell@gmail.com,developer
510,Brianna,Eldrid,Brianna.Eldrid@yopmail.com,Brianna.Eldrid@gmail.com,firefighter
511,Natka,Montgomery,Natka.Montgomery@yopmail.com,Natka.Montgomery@gmail.com,developer
512,Mathilda,Penelopa,Mathilda.Penelopa@yopmail.com,Mathilda.Penelopa@gmail.com,worker
513,Gretal,Noelyn,Gretal.Noelyn@yopmail.com,Gretal.Noelyn@gmail.com,firefighter
514,Michaelina,Shaddock,Michaelina.Shaddock@yopmail.com,Michaelina.Shaddock@gmail.com,developer
515,Phedra,Mott,Phedra.Mott@yopmail.com,Phedra.Mott@gmail.com,firefighter
516,Aurelie,Vale,Aurelie.Vale@yopmail.com,Aurelie.Vale@gmail.com,worker
517,Tobe,Korey,Tobe.Korey@yopmail.com,Tobe.Korey@gmail.com,doctor
518,Jere,Gemini,Jere.Gemini@yopmail.com,Jere.Gemini@gmail.com,firefighter
519,Claudina,Bevin,Claudina.Bevin@yopmail.com,Claudina.Bevin@gmail.com,police officer
520,Kerrin,Kazimir,Kerrin.Kazimir@yopmail.com,Kerrin.Kazimir@gmail.com,firefighter
521,Bernie,Tayib,Bernie.Tayib@yopmail.com,Bernie.Tayib@gmail.com,firefighter
522,Althea,Fabiola,Althea.Fabiola@yopmail.com,Althea.Fabiola@gmail.com,firefighter
523,Sibella,Kendrick,Sibella.Kendrick@yopmail.com,Sibella.Kendrick@gmail.com,worker
524,Leanna,Danby,Leanna.Danby@yopmail.com,Leanna.Danby@gmail.com,doctor
525,Tami,Loeb,Tami.Loeb@yopmail.com,Tami.Loeb@gmail.com,firefighter
526,Gertrud,Hathaway,Gertrud.Hathaway@yopmail.com,Gertrud.Hathaway@gmail.com,police officer
527,Krystle,Ellerey,Krystle.Ellerey@yopmail.com,Krystle.Ellerey@gmail.com,doctor
528,Gertrud,Maiah,Gertrud.Maiah@yopmail.com,Gertrud.Maiah@gmail.com,worker
529,Maye,Jarib,Maye.Jarib@yopmail.com,Maye.Jarib@gmail.com,police officer
530,Lexine,Joachim,Lexine.Joachim@yopmail.com,Lexine.Joachim@gmail.com,firefighter
531,Lizzie,Havens,Lizzie.Havens@yopmail.com,Lizzie.Havens@gmail.com,worker
532,Paola,Kesley,Paola.Kesley@yopmail.com,Paola.Kesley@gmail.com,firefighter
533,Meriel,Mandler,Meriel.Mandler@yopmail.com,Meriel.Mandler@gmail.com,police officer
534,Priscilla,Alarise,Priscilla.Alarise@yopmail.com,Priscilla.Alarise@gmail.com,police officer
535,Daune,Shaver,Daune.Shaver@yopmail.com,Daune.Shaver@gmail.com,developer
536,Tilly,Lesley,Tilly.Lesley@yopmail.com,Tilly.Lesley@gmail.com,firefighter
537,Ada,Erminia,Ada.Erminia@yopmail.com,Ada.Erminia@gmail.com,doctor
538,Stevana,Christine,Stevana.Christine@yopmail.com,Stevana.Christine@gmail.com,worker
539,Viki,Bartlett,Viki.Bartlett@yopmail.com,Viki.Bartlett@gmail.com,firefighter
540,Theodora,Woodberry,Theodora.Woodberry@yopmail.com,Theodora.Woodberry@gmail.com,doctor
541,Christy,Brian,Christy.Brian@yopmail.com,Christy.Brian@gmail.com,doctor
542,Albertina,Mintz,Albertina.Mintz@yopmail.com,Albertina.Mintz@gmail.com,developer
543,Penelopa,Moseley,Penelopa.Moseley@yopmail.com,Penelopa.Moseley@gmail.com,firefighter
544,Trudie,Magnolia,Trudie.Magnolia@yopmail.com,Trudie.Magnolia@gmail.com,police officer
545,Libbie,Goldina,Libbie.Goldina@yopmail.com,Libbie.Goldina@gmail.com,police officer
546,Bobbi,Dom,Bobbi.Dom@yopmail.com,Bobbi.Dom@gmail.com,doctor
547,Kenna,Charmine,Kenna.Charmine@yopmail.com,Kenna.Charmine@gmail.com,developer
548,Myriam,Erminia,Myriam.Erminia@yopmail.com,Myriam.Erminia@gmail.com,doctor
549,Ashlee,Bury,Ashlee.Bury@yopmail.com,Ashlee.Bury@gmail.com,firefighter
550,Candi,Winthorpe,Candi.Winthorpe@yopmail.com,Candi.Winthorpe@gmail.com,police officer
551,Correy,Donoghue,Correy.Donoghue@yopmail.com,Correy.Donoghue@gmail.com,worker
552,Shaylyn,Daegal,Shaylyn.Daegal@yopmail.com,Shaylyn.Daegal@gmail.com,worker
553,Priscilla,Justinn,Priscilla.Justinn@yopmail.com,Priscilla.Justinn@gmail.com,worker
554,Harmonia,Margarete,Harmonia.Margarete@yopmail.com,Harmonia.Margarete@gmail.com,firefighter
555,Cyb,Katrine,Cyb.Katrine@yopmail.com,Cyb.Katrine@gmail.com,developer
556,Edyth,Briney,Edyth.Briney@yopmail.com,Edyth.Briney@gmail.com,firefighter
557,Ada,Eachern,Ada.Eachern@yopmail.com,Ada.Eachern@gmail.com,developer
558,Calla,Pond,Calla.Pond@yopmail.com,Calla.Pond@gmail.com,firefighter
559,Chrystel,Roxanna,Chrystel.Roxanna@yopmail.com,Chrystel.Roxanna@gmail.com,developer
560,Marylou,Stav,Marylou.Stav@yopmail.com,Marylou.Stav@gmail.com,police officer
561,Tabbatha,Ilka,Tabbatha.Ilka@yopmail.com,Tabbatha.Ilka@gmail.com,doctor
562,Patricia,Richers,Patricia.Richers@yopmail.com,Patricia.Richers@gmail.com,doctor
563,Helsa,Cherianne,Helsa.Cherianne@yopmail.com,Helsa.Cherianne@gmail.com,police officer
564,Tybie,Serilda,Tybie.Serilda@yopmail.com,Tybie.Serilda@gmail.com,police officer
565,Fawne,Izaak,Fawne.Izaak@yopmail.com,Fawne.Izaak@gmail.com,doctor
566,Jessamyn,Hunfredo,Jessamyn.Hunfredo@yopmail.com,Jessamyn.Hunfredo@gmail.com,worker
567,Therine,Lilas,Therine.Lilas@yopmail.com,Therine.Lilas@gmail.com,worker
568,Gloria,Carbo,Gloria.Carbo@yopmail.com,Gloria.Carbo@gmail.com,worker
569,Ursulina,Urias,Ursulina.Urias@yopmail.com,Ursulina.Urias@gmail.com,developer
570,Sidoney,Janene,Sidoney.Janene@yopmail.com,Sidoney.Janene@gmail.com,developer
571,Aubrie,Shama,Aubrie.Shama@yopmail.com,Aubrie.Shama@gmail.com,doctor
572,Trixi,Zrike,Trixi.Zrike@yopmail.com,Trixi.Zrike@gmail.com,doctor
573,Margalo,Diogenes,Margalo.Diogenes@yopmail.com,Margalo.Diogenes@gmail.com,worker
574,Sharlene,Argus,Sharlene.Argus@yopmail.com,Sharlene.Argus@gmail.com,firefighter
575,Roxane,Blake,Roxane.Blake@yopmail.com,Roxane.Blake@gmail.com,doctor
576,Charissa,Rustice,Charissa.Rustice@yopmail.com,Charissa.Rustice@gmail.com,developer
577,Jinny,Barney,Jinny.Barney@yopmail.com,Jinny.Barney@gmail.com,developer
578,Shauna,Decato,Shauna.Decato@yopmail.com,Shauna.Decato@gmail.com,firefighter
579,Jinny,Adrienne,Jinny.Adrienne@yopmail.com,Jinny.Adrienne@gmail.com,developer
580,Flory,Radu,Flory.Radu@yopmail.com,Flory.Radu@gmail.com,firefighter
581,Odessa,Oster,Odessa.Oster@yopmail.com,Odessa.Oster@gmail.com,worker
582,Fanchon,Seagraves,Fanchon.Seagraves@yopmail.com,Fanchon.Seagraves@gmail.com,worker
583,Sybille,Lubin,Sybille.Lubin@yopmail.com,Sybille.Lubin@gmail.com,doctor
584,Gratia,Casimir,Gratia.Casimir@yopmail.com,Gratia.Casimir@gmail.com,doctor
585,Juliane,Isidore,Juliane.Isidore@yopmail.com,Juliane.Isidore@gmail.com,police officer
586,Jackie,Durware,Jackie.Durware@yopmail.com,Jackie.Durware@gmail.com,worker
587,Averyl,Martsen,Averyl.Martsen@yopmail.com,Averyl.Martsen@gmail.com,worker
588,Aeriela,Ax,Aeriela.Ax@yopmail.com,Aeriela.Ax@gmail.com,doctor
589,Marnia,Jacqui,Marnia.Jacqui@yopmail.com,Marnia.Jacqui@gmail.com,developer
590,Doro,Toffic,Doro.Toffic@yopmail.com,Doro.Toffic@gmail.com,worker
591,Ursulina,Thomasina,Ursulina.Thomasina@yopmail.com,Ursulina.Thomasina@gmail.com,worker
592,Annabela,Wu,Annabela.Wu@yopmail.com,Annabela.Wu@gmail.com,firefighter
593,Esmeralda,Kiersten,Esmeralda.Kiersten@yopmail.com,Esmeralda.Kiersten@gmail.com,police officer
594,Bettine,Teddman,Bettine.Teddman@yopmail.com,Bettine.Teddman@gmail.com,developer
595,Nollie,Ciro,Nollie.Ciro@yopmail.com,Nollie.Ciro@gmail.com,worker
596,Joane,Zachary,Joane.Zachary@yopmail.com,Joane.Zachary@gmail.com,worker
597,Shirlee,Dawkins,Shirlee.Dawkins@yopmail.com,Shirlee.Dawkins@gmail.com,developer
598,Julieta,Katrine,Julieta.Katrine@yopmail.com,Julieta.Katrine@gmail.com,doctor
599,Elka,Percy,Elka.Percy@yopmail.com,Elka.Percy@gmail.com,worker
600,Xylina,Tice,Xylina.Tice@yopmail.com,Xylina.Tice@gmail.com,developer
601,Agnese,Seumas,Agnese.Seumas@yopmail.com,Agnese.Seumas@gmail.com,developer
602,Sarette,Monaco,Sarette.Monaco@yopmail.com,Sarette.Monaco@gmail.com,worker
603,Jillayne,Stuart,Jillayne.Stuart@yopmail.com,Jillayne.Stuart@gmail.com,firefighter
604,Kristan,Leopold,Kristan.Leopold@yopmail.com,Kristan.Leopold@gmail.com,developer
605,Evita,Garlinda,Evita.Garlinda@yopmail.com,Evita.Garlinda@gmail.com,doctor
606,Dotty,Urias,Dotty.Urias@yopmail.com,Dotty.Urias@gmail.com,firefighter
607,Fawne,Heisel,Fawne.Heisel@yopmail.com,Fawne.Heisel@gmail.com,worker
608,Sindee,Reinke,Sindee.Reinke@yopmail.com,Sindee.Reinke@gmail.com,firefighter
609,Tobe,Autrey,Tobe.Autrey@yopmail.com,Tobe.Autrey@gmail.com,police officer
610,Emma,Xerxes,Emma.Xerxes@yopmail.com,Emma.Xerxes@gmail.com,developer
611,Liana,Fulmer,Liana.Fulmer@yopmail.com,Liana.Fulmer@gmail.com,police officer
612,Elena,Koehler,Elena.Koehler@yopmail.com,Elena.Koehler@gmail.com,police officer
613,Valera,Kelula,Valera.Kelula@yopmail.com,Valera.Kelula@gmail.com,doctor
614,Robinia,Payson,Robinia.Payson@yopmail.com,Robinia.Payson@gmail.com,police officer
615,Malina,Hollingsworth,Malina.Hollingsworth@yopmail.com,Malina.Hollingsworth@gmail.com,firefighter
616,Thalia,Philoo,Thalia.Philoo@yopmail.com,Thalia.Philoo@gmail.com,developer
617,Berta,Paine,Berta.Paine@yopmail.com,Berta.Paine@gmail.com,doctor
618,Alejandra,Albertine,Alejandra.Albertine@yopmail.com,Alejandra.Albertine@gmail.com,developer
619,Briney,Mata,Briney.Mata@yopmail.com,Briney.Mata@gmail.com,firefighter
620,Morganica,Karna,Morganica.Karna@yopmail.com,Morganica.Karna@gmail.com,worker
621,Bernardine,Terencio,Bernardine.Terencio@yopmail.com,Bernardine.Terencio@gmail.com,developer
622,Deane,Rona,Deane.Rona@yopmail.com,Deane.Rona@gmail.com,developer
623,Selma,Gaspard,Selma.Gaspard@yopmail.com,Selma.Gaspard@gmail.com,police officer
624,Oralee,Bakerman,Oralee.Bakerman@yopmail.com,Oralee.Bakerman@gmail.com,firefighter
625,Shandie,Fredi,Shandie.Fredi@yopmail.com,Shandie.Fredi@gmail.com,doctor
626,Bobbi,Merell,Bobbi.Merell@yopmail.com,Bobbi.Merell@gmail.com,developer
627,Marjie,Xerxes,Marjie.Xerxes@yopmail.com,Marjie.Xerxes@gmail.com,worker
628,Clo,Medrek,Clo.Medrek@yopmail.com,Clo.Medrek@gmail.com,developer
629,Amii,Kirbee,Amii.Kirbee@yopmail.com,Amii.Kirbee@gmail.com,developer
630,Bill,Scammon,Bill.Scammon@yopmail.com,Bill.Scammon@gmail.com,doctor
631,Karlee,Dyche,Karlee.Dyche@yopmail.com,Karlee.Dyche@gmail.com,firefighter
632,Jaclyn,Soneson,Jaclyn.Soneson@yopmail.com,Jaclyn.Soneson@gmail.com,firefighter
633,Dianemarie,Paine,Dianemarie.Paine@yopmail.com,Dianemarie.Paine@gmail.com,doctor
634,Dominga,Adlare,Dominga.Adlare@yopmail.com,Dominga.Adlare@gmail.com,worker
635,Lanna,Wolfgram,Lanna.Wolfgram@yopmail.com,Lanna.Wolfgram@gmail.com,doctor
636,Vinita,Ioab,Vinita.Ioab@yopmail.com,Vinita.Ioab@gmail.com,firefighter
637,Claudina,Arley,Claudina.Arley@yopmail.com,Claudina.Arley@gmail.com,worker
638,Winny,Bahr,Winny.Bahr@yopmail.com,Winny.Bahr@gmail.com,police officer
639,Marguerite,Saunderson,Marguerite.Saunderson@yopmail.com,Marguerite.Saunderson@gmail.com,police officer
640,Malina,Morehouse,Malina.Morehouse@yopmail.com,Malina.Morehouse@gmail.com,doctor
641,Myrtice,Rona,Myrtice.Rona@yopmail.com,Myrtice.Rona@gmail.com,doctor
642,Joeann,Socha,Joeann.Socha@yopmail.com,Joeann.Socha@gmail.com,worker
643,Tori,Pearse,Tori.Pearse@yopmail.com,Tori.Pearse@gmail.com,firefighter
644,Corene,Rhu,Corene.Rhu@yopmail.com,Corene.Rhu@gmail.com,police officer
645,Constance,Hessler,Constance.Hessler@yopmail.com,Constance.Hessler@gmail.com,worker
646,Jan,Socha,Jan.Socha@yopmail.com,Jan.Socha@gmail.com,doctor
647,Kirbee,Ball,Kirbee.Ball@yopmail.com,Kirbee.Ball@gmail.com,police officer
648,Carol-Jean,Tayib,Carol-Jean.Tayib@yopmail.com,Carol-Jean.Tayib@gmail.com,doctor
649,Edith,Eckblad,Edith.Eckblad@yopmail.com,Edith.Eckblad@gmail.com,police officer
650,Dominga,Minetta,Dominga.Minetta@yopmail.com,Dominga.Minetta@gmail.com,developer
651,Magdalena,Melony,Magdalena.Melony@yopmail.com,Magdalena.Melony@gmail.com,firefighter
652,Annabela,Desai,Annabela.Desai@yopmail.com,Annabela.Desai@gmail.com,firefighter
653,Codie,Craggie,Codie.Craggie@yopmail.com,Codie.Craggie@gmail.com,police officer
654,Emylee,Minetta,Emylee.Minetta@yopmail.com,Emylee.Minetta@gmail.com,firefighter
655,Sadie,Pattin,Sadie.Pattin@yopmail.com,Sadie.Pattin@gmail.com,doctor
656,Larine,Craggie,Larine.Craggie@yopmail.com,Larine.Craggie@gmail.com,police officer
657,Rozele,Grobe,Rozele.Grobe@yopmail.com,Rozele.Grobe@gmail.com,worker
658,Karolina,An,Karolina.An@yopmail.com,Karolina.An@gmail.com,worker
659,Constance,Lilybelle,Constance.Lilybelle@yopmail.com,Constance.Lilybelle@gmail.com,worker
660,Sherrie,Kirbee,Sherrie.Kirbee@yopmail.com,Sherrie.Kirbee@gmail.com,firefighter
661,Melodie,Ezar,Melodie.Ezar@yopmail.com,Melodie.Ezar@gmail.com,firefighter
662,Sue,Pauly,Sue.Pauly@yopmail.com,Sue.Pauly@gmail.com,doctor
663,Cyb,Mitzi,Cyb.Mitzi@yopmail.com,Cyb.Mitzi@gmail.com,police officer
664,Belinda,Selway,Belinda.Selway@yopmail.com,Belinda.Selway@gmail.com,police officer
665,Paule,Sidonius,Paule.Sidonius@yopmail.com,Paule.Sidonius@gmail.com,worker
666,Tera,Hoenack,Tera.Hoenack@yopmail.com,Tera.Hoenack@gmail.com,doctor
667,Charlena,Astra,Charlena.Astra@yopmail.com,Charlena.Astra@gmail.com,developer
668,Tierney,Marsden,Tierney.Marsden@yopmail.com,Tierney.Marsden@gmail.com,police officer
669,Emelina,O'Carroll,Emelina.O'Carroll@yopmail.com,Emelina.O'Carroll@gmail.com,developer
670,Cordi,Brunell,Cordi.Brunell@yopmail.com,Cordi.Brunell@gmail.com,developer
671,Wynne,Bury,Wynne.Bury@yopmail.com,Wynne.Bury@gmail.com,worker
672,Nickie,Bahr,Nickie.Bahr@yopmail.com,Nickie.Bahr@gmail.com,worker
673,Audrie,Charity,Audrie.Charity@yopmail.com,Audrie.Charity@gmail.com,doctor
674,Donetta,Pozzy,Donetta.Pozzy@yopmail.com,Donetta.Pozzy@gmail.com,doctor
675,Frieda,Cristi,Frieda.Cristi@yopmail.com,Frieda.Cristi@gmail.com,doctor
676,Constance,Maisey,Constance.Maisey@yopmail.com,Constance.Maisey@gmail.com,developer
677,Berget,Diann,Berget.Diann@yopmail.com,Berget.Diann@gmail.com,doctor
678,Dotty,Hortensia,Dotty.Hortensia@yopmail.com,Dotty.Hortensia@gmail.com,developer
679,Marinna,Bettine,Marinna.Bettine@yopmail.com,Marinna.Bettine@gmail.com,police officer
680,Vivia,Bord,Vivia.Bord@yopmail.com,Vivia.Bord@gmail.com,developer
681,Taffy,Edee,Taffy.Edee@yopmail.com,Taffy.Edee@gmail.com,police officer
682,Correy,Imelida,Correy.Imelida@yopmail.com,Correy.Imelida@gmail.com,firefighter
683,Joleen,Fosque,Joleen.Fosque@yopmail.com,Joleen.Fosque@gmail.com,developer
684,Ardeen,Dorcy,Ardeen.Dorcy@yopmail.com,Ardeen.Dorcy@gmail.com,developer
685,Paule,Voletta,Paule.Voletta@yopmail.com,Paule.Voletta@gmail.com,developer
686,Babita,Klotz,Babita.Klotz@yopmail.com,Babita.Klotz@gmail.com,firefighter
687,Cacilie,Roscoe,Cacilie.Roscoe@yopmail.com,Cacilie.Roscoe@gmail.com,police officer
688,Lonnie,Leary,Lonnie.Leary@yopmail.com,Lonnie.Leary@gmail.com,developer
689,Concettina,Salchunas,Concettina.Salchunas@yopmail.com,Concettina.Salchunas@gmail.com,firefighter
690,Flo,Sothena,Flo.Sothena@yopmail.com,Flo.Sothena@gmail.com,firefighter
691,Quintina,Daveta,Quintina.Daveta@yopmail.com,Quintina.Daveta@gmail.com,doctor
692,Dulce,Roscoe,Dulce.Roscoe@yopmail.com,Dulce.Roscoe@gmail.com,firefighter
693,Ricky,Dash,Ricky.Dash@yopmail.com,Ricky.Dash@gmail.com,police officer
694,Mellicent,Kussell,Mellicent.Kussell@yopmail.com,Mellicent.Kussell@gmail.com,developer
695,Deloria,Westphal,Deloria.Westphal@yopmail.com,Deloria.Westphal@gmail.com,police officer
696,Joelly,Jalbert,Joelly.Jalbert@yopmail.com,Joelly.Jalbert@gmail.com,police officer
697,Gilligan,Tayib,Gilligan.Tayib@yopmail.com,Gilligan.Tayib@gmail.com,worker
698,Antonietta,Carolin,Antonietta.Carolin@yopmail.com,Antonietta.Carolin@gmail.com,police officer
699,Fredericka,Rossner,Fredericka.Rossner@yopmail.com,Fredericka.Rossner@gmail.com,firefighter
700,Frank,Odysseus,Frank.Odysseus@yopmail.com,Frank.Odysseus@gmail.com,police officer
701,Gwyneth,Plato,Gwyneth.Plato@yopmail.com,Gwyneth.Plato@gmail.com,firefighter
702,Larine,Wenoa,Larine.Wenoa@yopmail.com,Larine.Wenoa@gmail.com,doctor
703,Mamie,Shama,Mamie.Shama@yopmail.com,Mamie.Shama@gmail.com,police officer
704,Beverley,Harned,Beverley.Harned@yopmail.com,Beverley.Harned@gmail.com,doctor
705,Sean,Martguerita,Sean.Martguerita@yopmail.com,Sean.Martguerita@gmail.com,doctor
706,Stevana,Nerita,Stevana.Nerita@yopmail.com,Stevana.Nerita@gmail.com,doctor
707,Madalyn,Dex,Madalyn.Dex@yopmail.com,Madalyn.Dex@gmail.com,worker
708,Marylou,Ovid,Marylou.Ovid@yopmail.com,Marylou.Ovid@gmail.com,developer
709,Dale,Daveta,Dale.Daveta@yopmail.com,Dale.Daveta@gmail.com,worker
710,Aimil,Presber,Aimil.Presber@yopmail.com,Aimil.Presber@gmail.com,worker
711,Concettina,Gino,Concettina.Gino@yopmail.com,Concettina.Gino@gmail.com,worker
712,Jackie,Grosz,Jackie.Grosz@yopmail.com,Jackie.Grosz@gmail.com,doctor
713,Jillayne,Weinreb,Jillayne.Weinreb@yopmail.com,Jillayne.Weinreb@gmail.com,developer
714,Farrah,Koziara,Farrah.Koziara@yopmail.com,Farrah.Koziara@gmail.com,developer
715,Natka,Konyn,Natka.Konyn@yopmail.com,Natka.Konyn@gmail.com,doctor
716,Heddie,Voletta,Heddie.Voletta@yopmail.com,Heddie.Voletta@gmail.com,firefighter
717,Yvonne,Carmena,Yvonne.Carmena@yopmail.com,Yvonne.Carmena@gmail.com,worker
718,Rosanne,Bluh,Rosanne.Bluh@yopmail.com,Rosanne.Bluh@gmail.com,firefighter
719,Jerry,Belldas,Jerry.Belldas@yopmail.com,Jerry.Belldas@gmail.com,doctor
720,Gabriellia,Margret,Gabriellia.Margret@yopmail.com,Gabriellia.Margret@gmail.com,firefighter
721,Nanete,Frendel,Nanete.Frendel@yopmail.com,Nanete.Frendel@gmail.com,doctor
722,Feliza,Hurley,Feliza.Hurley@yopmail.com,Feliza.Hurley@gmail.com,firefighter
723,Adele,Juan,Adele.Juan@yopmail.com,Adele.Juan@gmail.com,worker
724,Adriana,Ovid,Adriana.Ovid@yopmail.com,Adriana.Ovid@gmail.com,doctor
725,Aigneis,Christal,Aigneis.Christal@yopmail.com,Aigneis.Christal@gmail.com,firefighter
726,Emilia,Wooster,Emilia.Wooster@yopmail.com,Emilia.Wooster@gmail.com,police officer
727,Sheree,Marden,Sheree.Marden@yopmail.com,Sheree.Marden@gmail.com,police officer
728,Pearline,Delp,Pearline.Delp@yopmail.com,Pearline.Delp@gmail.com,worker
729,Karly,Sheedy,Karly.Sheedy@yopmail.com,Karly.Sheedy@gmail.com,developer
730,Charissa,Riordan,Charissa.Riordan@yopmail.com,Charissa.Riordan@gmail.com,developer
731,Sophia,Vernier,Sophia.Vernier@yopmail.com,Sophia.Vernier@gmail.com,developer
732,Danika,Schalles,Danika.Schalles@yopmail.com,Danika.Schalles@gmail.com,developer
733,Frances,Justinn,Frances.Justinn@yopmail.com,Frances.Justinn@gmail.com,police officer
734,Edee,Ethban,Edee.Ethban@yopmail.com,Edee.Ethban@gmail.com,worker
735,Tiffie,Bultman,Tiffie.Bultman@yopmail.com,Tiffie.Bultman@gmail.com,worker
736,Theodora,Paine,Theodora.Paine@yopmail.com,Theodora.Paine@gmail.com,worker
737,Modestia,Cristi,Modestia.Cristi@yopmail.com,Modestia.Cristi@gmail.com,doctor
738,Frank,Vary,Frank.Vary@yopmail.com,Frank.Vary@gmail.com,police officer
739,Paule,Belldas,Paule.Belldas@yopmail.com,Paule.Belldas@gmail.com,worker
740,Sissy,Alexandr,Sissy.Alexandr@yopmail.com,Sissy.Alexandr@gmail.com,police officer
741,Annecorinne,Wenoa,Annecorinne.Wenoa@yopmail.com,Annecorinne.Wenoa@gmail.com,doctor
742,Belinda,Maurine,Belinda.Maurine@yopmail.com,Belinda.Maurine@gmail.com,doctor
743,Glenda,Hollingsworth,Glenda.Hollingsworth@yopmail.com,Glenda.Hollingsworth@gmail.com,firefighter
744,Lonnie,Linehan,Lonnie.Linehan@yopmail.com,Lonnie.Linehan@gmail.com,worker
745,Tybie,Simmonds,Tybie.Simmonds@yopmail.com,Tybie.Simmonds@gmail.com,worker
746,Sandie,Dominy,Sandie.Dominy@yopmail.com,Sandie.Dominy@gmail.com,worker
747,Heddie,Primalia,Heddie.Primalia@yopmail.com,Heddie.Primalia@gmail.com,firefighter
748,Nicoli,Wandie,Nicoli.Wandie@yopmail.com,Nicoli.Wandie@gmail.com,doctor
749,Caryl,Melleta,Caryl.Melleta@yopmail.com,Caryl.Melleta@gmail.com,worker
750,Anallese,Rugen,Anallese.Rugen@yopmail.com,Anallese.Rugen@gmail.com,worker
751,Estell,Delila,Estell.Delila@yopmail.com,Estell.Delila@gmail.com,developer
752,Jacquetta,Knowling,Jacquetta.Knowling@yopmail.com,Jacquetta.Knowling@gmail.com,firefighter
753,Carree,Buckler,Carree.Buckler@yopmail.com,Carree.Buckler@gmail.com,firefighter
754,Vanessa,Pearse,Vanessa.Pearse@yopmail.com,Vanessa.Pearse@gmail.com,developer
755,Joeann,Avi,Joeann.Avi@yopmail.com,Joeann.Avi@gmail.com,developer
756,Jan,Jena,Jan.Jena@yopmail.com,Jan.Jena@gmail.com,police officer
757,Claudina,Cynar,Claudina.Cynar@yopmail.com,Claudina.Cynar@gmail.com,worker
758,Nannie,Loleta,Nannie.Loleta@yopmail.com,Nannie.Loleta@gmail.com,worker
759,Justinn,Philoo,Justinn.Philoo@yopmail.com,Justinn.Philoo@gmail.com,firefighter
760,Giustina,Riva,Giustina.Riva@yopmail.com,Giustina.Riva@gmail.com,worker
761,Daryl,Salvidor,Daryl.Salvidor@yopmail.com,Daryl.Salvidor@gmail.com,police officer
762,Alyssa,Korey,Alyssa.Korey@yopmail.com,Alyssa.Korey@gmail.com,worker
763,Ruthe,Cristi,Ruthe.Cristi@yopmail.com,Ruthe.Cristi@gmail.com,doctor
764,Dyann,Armanda,Dyann.Armanda@yopmail.com,Dyann.Armanda@gmail.com,doctor
765,Stephanie,Gaynor,Stephanie.Gaynor@yopmail.com,Stephanie.Gaynor@gmail.com,police officer
766,Averyl,Revkah,Averyl.Revkah@yopmail.com,Averyl.Revkah@gmail.com,developer
767,Kary,Lay,Kary.Lay@yopmail.com,Kary.Lay@gmail.com,developer
768,Pollyanna,Cookie,Pollyanna.Cookie@yopmail.com,Pollyanna.Cookie@gmail.com,police officer
769,Averyl,Shelba,Averyl.Shelba@yopmail.com,Averyl.Shelba@gmail.com,worker
770,Andeee,Dyche,Andeee.Dyche@yopmail.com,Andeee.Dyche@gmail.com,police officer
771,Edee,Bashemeth,Edee.Bashemeth@yopmail.com,Edee.Bashemeth@gmail.com,police officer
772,Lita,Posner,Lita.Posner@yopmail.com,Lita.Posner@gmail.com,doctor
773,Stacey,Tamar,Stacey.Tamar@yopmail.com,Stacey.Tamar@gmail.com,firefighter
774,Iseabal,Clywd,Iseabal.Clywd@yopmail.com,Iseabal.Clywd@gmail.com,developer
775,Ursulina,Erb,Ursulina.Erb@yopmail.com,Ursulina.Erb@gmail.com,firefighter
776,Violet,Teryn,Violet.Teryn@yopmail.com,Violet.Teryn@gmail.com,firefighter
777,Zaria,Esmaria,Zaria.Esmaria@yopmail.com,Zaria.Esmaria@gmail.com,firefighter
778,Fidelia,Rad,Fidelia.Rad@yopmail.com,Fidelia.Rad@gmail.com,doctor
779,Lenna,Oriana,Lenna.Oriana@yopmail.com,Lenna.Oriana@gmail.com,doctor
780,Cindelyn,Longfellow,Cindelyn.Longfellow@yopmail.com,Cindelyn.Longfellow@gmail.com,worker
781,Hermione,Holbrook,Hermione.Holbrook@yopmail.com,Hermione.Holbrook@gmail.com,developer
782,Deirdre,Loleta,Deirdre.Loleta@yopmail.com,Deirdre.Loleta@gmail.com,developer
783,Zondra,Magnolia,Zondra.Magnolia@yopmail.com,Zondra.Magnolia@gmail.com,developer
784,Sophia,Lane,Sophia.Lane@yopmail.com,Sophia.Lane@gmail.com,doctor
785,Marline,O'Rourke,Marline.O'Rourke@yopmail.com,Marline.O'Rourke@gmail.com,doctor
786,Lizzie,Bethany,Lizzie.Bethany@yopmail.com,Lizzie.Bethany@gmail.com,police officer
787,Marcelline,Ivens,Marcelline.Ivens@yopmail.com,Marcelline.Ivens@gmail.com,police officer
788,Atlanta,Truc,Atlanta.Truc@yopmail.com,Atlanta.Truc@gmail.com,police officer
789,Barbara,Brunell,Barbara.Brunell@yopmail.com,Barbara.Brunell@gmail.com,developer
790,Lacie,Doig,Lacie.Doig@yopmail.com,Lacie.Doig@gmail.com,police officer
791,Mady,Virgin,Mady.Virgin@yopmail.com,Mady.Virgin@gmail.com,firefighter
792,Aurore,Martsen,Aurore.Martsen@yopmail.com,Aurore.Martsen@gmail.com,firefighter
793,Justinn,Himelman,Justinn.Himelman@yopmail.com,Justinn.Himelman@gmail.com,developer
794,Hermione,Gabrielli,Hermione.Gabrielli@yopmail.com,Hermione.Gabrielli@gmail.com,developer
795,Berget,Cyrie,Berget.Cyrie@yopmail.com,Berget.Cyrie@gmail.com,police officer
796,Beatriz,Vastah,Beatriz.Vastah@yopmail.com,Beatriz.Vastah@gmail.com,developer
797,Lory,Nester,Lory.Nester@yopmail.com,Lory.Nester@gmail.com,worker
798,Shandie,Standing,Shandie.Standing@yopmail.com,Shandie.Standing@gmail.com,police officer
799,Blake,Hedve,Blake.Hedve@yopmail.com,Blake.Hedve@gmail.com,police officer
800,Hyacinthe,Blake,Hyacinthe.Blake@yopmail.com,Hyacinthe.Blake@gmail.com,police officer
801,Olivette,Reneta,Olivette.Reneta@yopmail.com,Olivette.Reneta@gmail.com,firefighter
802,Kassey,Margarete,Kassey.Margarete@yopmail.com,Kassey.Margarete@gmail.com,developer
803,Cristabel,Valoniah,Cristabel.Valoniah@yopmail.com,Cristabel.Valoniah@gmail.com,worker
804,Daphne,Wallis,Daphne.Wallis@yopmail.com,Daphne.Wallis@gmail.com,doctor
805,Drucie,Haldas,Drucie.Haldas@yopmail.com,Drucie.Haldas@gmail.com,police officer
806,Johna,Bultman,Johna.Bultman@yopmail.com,Johna.Bultman@gmail.com,doctor
807,Minne,Camden,Minne.Camden@yopmail.com,Minne.Camden@gmail.com,developer
808,Marleah,Malina,Marleah.Malina@yopmail.com,Marleah.Malina@gmail.com,police officer
809,Tani,Atcliffe,Tani.Atcliffe@yopmail.com,Tani.Atcliffe@gmail.com,firefighter
810,Kaja,Susannah,Kaja.Susannah@yopmail.com,Kaja.Susannah@gmail.com,developer
811,Hyacinthe,Giule,Hyacinthe.Giule@yopmail.com,Hyacinthe.Giule@gmail.com,worker
812,Robbi,Destinee,Robbi.Destinee@yopmail.com,Robbi.Destinee@gmail.com,firefighter
813,Pollyanna,Arathorn,Pollyanna.Arathorn@yopmail.com,Pollyanna.Arathorn@gmail.com,firefighter
814,Mara,Lamoree,Mara.Lamoree@yopmail.com,Mara.Lamoree@gmail.com,firefighter
815,Jasmina,Monaco,Jasmina.Monaco@yopmail.com,Jasmina.Monaco@gmail.com,police officer
816,Celene,Parsaye,Celene.Parsaye@yopmail.com,Celene.Parsaye@gmail.com,doctor
817,Ninnetta,Crudden,Ninnetta.Crudden@yopmail.com,Ninnetta.Crudden@gmail.com,police officer
818,Yvonne,Hamil,Yvonne.Hamil@yopmail.com,Yvonne.Hamil@gmail.com,doctor
819,Dulcinea,Lytton,Dulcinea.Lytton@yopmail.com,Dulcinea.Lytton@gmail.com,police officer
820,Pearline,Bashemeth,Pearline.Bashemeth@yopmail.com,Pearline.Bashemeth@gmail.com,worker
821,Dode,Sheedy,Dode.Sheedy@yopmail.com,Dode.Sheedy@gmail.com,doctor
822,Lexine,Gavrila,Lexine.Gavrila@yopmail.com,Lexine.Gavrila@gmail.com,police officer
823,Madalyn,Bebe,Madalyn.Bebe@yopmail.com,Madalyn.Bebe@gmail.com,worker
824,Carmela,Odysseus,Carmela.Odysseus@yopmail.com,Carmela.Odysseus@gmail.com,police officer
825,Renae,Ochs,Renae.Ochs@yopmail.com,Renae.Ochs@gmail.com,doctor
826,Gerianna,Milde,Gerianna.Milde@yopmail.com,Gerianna.Milde@gmail.com,worker
827,Tatiania,Celestine,Tatiania.Celestine@yopmail.com,Tatiania.Celestine@gmail.com,worker
828,Dorthy,Hourigan,Dorthy.Hourigan@yopmail.com,Dorthy.Hourigan@gmail.com,worker
829,Dominga,Phyllis,Dominga.Phyllis@yopmail.com,Dominga.Phyllis@gmail.com,developer
830,Rayna,Juan,Rayna.Juan@yopmail.com,Rayna.Juan@gmail.com,doctor
831,Chrystel,Abbot,Chrystel.Abbot@yopmail.com,Chrystel.Abbot@gmail.com,doctor
832,Belva,Oscar,Belva.Oscar@yopmail.com,Belva.Oscar@gmail.com,firefighter
833,Ilse,Merat,Ilse.Merat@yopmail.com,Ilse.Merat@gmail.com,developer
834,Blake,Denis,Blake.Denis@yopmail.com,Blake.Denis@gmail.com,doctor
835,Antonietta,Ralfston,Antonietta.Ralfston@yopmail.com,Antonietta.Ralfston@gmail.com,firefighter
836,Mureil,Corilla,Mureil.Corilla@yopmail.com,Mureil.Corilla@gmail.com,firefighter
837,Renae,Mendez,Renae.Mendez@yopmail.com,Renae.Mendez@gmail.com,firefighter
838,Linzy,Chinua,Linzy.Chinua@yopmail.com,Linzy.Chinua@gmail.com,worker
839,Lory,Reinke,Lory.Reinke@yopmail.com,Lory.Reinke@gmail.com,doctor
840,Vere,Saint,Vere.Saint@yopmail.com,Vere.Saint@gmail.com,doctor
841,Quintina,Bronk,Quintina.Bronk@yopmail.com,Quintina.Bronk@gmail.com,worker
842,Maridel,Phyllis,Maridel.Phyllis@yopmail.com,Maridel.Phyllis@gmail.com,doctor
843,Dulcinea,Fiester,Dulcinea.Fiester@yopmail.com,Dulcinea.Fiester@gmail.com,firefighter
844,Helsa,Georgy,Helsa.Georgy@yopmail.com,Helsa.Georgy@gmail.com,police officer
845,Amelia,Si,Amelia.Si@yopmail.com,Amelia.Si@gmail.com,worker
846,Merle,Ulphia,Merle.Ulphia@yopmail.com,Merle.Ulphia@gmail.com,doctor
847,Tracey,Raama,Tracey.Raama@yopmail.com,Tracey.Raama@gmail.com,police officer
848,Yetty,Voletta,Yetty.Voletta@yopmail.com,Yetty.Voletta@gmail.com,police officer
849,Brianna,Brandice,Brianna.Brandice@yopmail.com,Brianna.Brandice@gmail.com,police officer
850,Gianina,Naashom,Gianina.Naashom@yopmail.com,Gianina.Naashom@gmail.com,police officer
851,Kristina,Chobot,Kristina.Chobot@yopmail.com,Kristina.Chobot@gmail.com,doctor
852,Kathi,Chandler,Kathi.Chandler@yopmail.com,Kathi.Chandler@gmail.com,police officer
853,Daune,Jammal,Daune.Jammal@yopmail.com,Daune.Jammal@gmail.com,doctor
854,Ketti,Peti,Ketti.Peti@yopmail.com,Ketti.Peti@gmail.com,developer
855,Margarette,Eldrid,Margarette.Eldrid@yopmail.com,Margarette.Eldrid@gmail.com,worker
856,Dania,Bebe,Dania.Bebe@yopmail.com,Dania.Bebe@gmail.com,worker
857,Dione,Ashok,Dione.Ashok@yopmail.com,Dione.Ashok@gmail.com,developer
858,Margarette,Maples,Margarette.Maples@yopmail.com,Margarette.Maples@gmail.com,worker
859,Kate,Clara,Kate.Clara@yopmail.com,Kate.Clara@gmail.com,police officer
860,June,Gladstone,June.Gladstone@yopmail.com,June.Gladstone@gmail.com,doctor
861,Raf,Abram,Raf.Abram@yopmail.com,Raf.Abram@gmail.com,police officer
862,Leeanne,Weaks,Leeanne.Weaks@yopmail.com,Leeanne.Weaks@gmail.com,police officer
863,Elena,Nore,Elena.Nore@yopmail.com,Elena.Nore@gmail.com,firefighter
864,Ardys,Rheingold,Ardys.Rheingold@yopmail.com,Ardys.Rheingold@gmail.com,worker
865,Demetris,Hessler,Demetris.Hessler@yopmail.com,Demetris.Hessler@gmail.com,worker
866,Mamie,Christal,Mamie.Christal@yopmail.com,Mamie.Christal@gmail.com,doctor
867,Kara-Lynn,Kendrick,Kara-Lynn.Kendrick@yopmail.com,Kara-Lynn.Kendrick@gmail.com,worker
868,Nita,Leopold,Nita.Leopold@yopmail.com,Nita.Leopold@gmail.com,worker
869,Katleen,Estella,Katleen.Estella@yopmail.com,Katleen.Estella@gmail.com,police officer
870,Marylou,Lymann,Marylou.Lymann@yopmail.com,Marylou.Lymann@gmail.com,doctor
871,Brynna,Tacye,Brynna.Tacye@yopmail.com,Brynna.Tacye@gmail.com,firefighter
872,Tomasina,Margarete,Tomasina.Margarete@yopmail.com,Tomasina.Margarete@gmail.com,police officer
873,Danika,Toffic,Danika.Toffic@yopmail.com,Danika.Toffic@gmail.com,developer
874,Cathyleen,Seagraves,Cathyleen.Seagraves@yopmail.com,Cathyleen.Seagraves@gmail.com,firefighter
875,Joane,Diann,Joane.Diann@yopmail.com,Joane.Diann@gmail.com,firefighter
876,Gusella,O'Rourke,Gusella.O'Rourke@yopmail.com,Gusella.O'Rourke@gmail.com,developer
877,Nannie,Valoniah,Nannie.Valoniah@yopmail.com,Nannie.Valoniah@gmail.com,doctor
878,Candi,Ammann,Candi.Ammann@yopmail.com,Candi.Ammann@gmail.com,worker
879,Kelly,Ader,Kelly.Ader@yopmail.com,Kelly.Ader@gmail.com,firefighter
880,Helsa,Beniamino,Helsa.Beniamino@yopmail.com,Helsa.Beniamino@gmail.com,police officer
881,Daphne,Skell,Daphne.Skell@yopmail.com,Daphne.Skell@gmail.com,developer
882,Mallory,Ulphia,Mallory.Ulphia@yopmail.com,Mallory.Ulphia@gmail.com,worker
883,Jackie,Martguerita,Jackie.Martguerita@yopmail.com,Jackie.Martguerita@gmail.com,developer
884,Keelia,Smitt,Keelia.Smitt@yopmail.com,Keelia.Smitt@gmail.com,police officer
885,Brietta,Neils,Brietta.Neils@yopmail.com,Brietta.Neils@gmail.com,developer
886,Harmonia,Dorine,Harmonia.Dorine@yopmail.com,Harmonia.Dorine@gmail.com,firefighter
887,Olwen,Santoro,Olwen.Santoro@yopmail.com,Olwen.Santoro@gmail.com,worker
888,Claudina,Secrest,Claudina.Secrest@yopmail.com,Claudina.Secrest@gmail.com,worker
889,Miquela,Garbe,Miquela.Garbe@yopmail.com,Miquela.Garbe@gmail.com,firefighter
890,Danny,Cadmar,Danny.Cadmar@yopmail.com,Danny.Cadmar@gmail.com,firefighter
891,Viviene,Magdalen,Viviene.Magdalen@yopmail.com,Viviene.Magdalen@gmail.com,developer
892,Starla,Aaberg,Starla.Aaberg@yopmail.com,Starla.Aaberg@gmail.com,doctor
893,Rebeca,Seagraves,Rebeca.Seagraves@yopmail.com,Rebeca.Seagraves@gmail.com,doctor
894,Annecorinne,Saunderson,Annecorinne.Saunderson@yopmail.com,Annecorinne.Saunderson@gmail.com,worker
895,Noelle,Anis,Noelle.Anis@yopmail.com,Noelle.Anis@gmail.com,police officer
896,Kirstin,Rogerio,Kirstin.Rogerio@yopmail.com,Kirstin.Rogerio@gmail.com,firefighter
897,Lelah,Kalinda,Lelah.Kalinda@yopmail.com,Lelah.Kalinda@gmail.com,police officer
898,Vita,Glenden,Vita.Glenden@yopmail.com,Vita.Glenden@gmail.com,worker
899,Nelle,Lytton,Nelle.Lytton@yopmail.com,Nelle.Lytton@gmail.com,firefighter
900,Lory,Kinnard,Lory.Kinnard@yopmail.com,Lory.Kinnard@gmail.com,firefighter
901,Quintina,Ball,Quintina.Ball@yopmail.com,Quintina.Ball@gmail.com,worker
902,Dede,Sundin,Dede.Sundin@yopmail.com,Dede.Sundin@gmail.com,worker
903,Willetta,Alarise,Willetta.Alarise@yopmail.com,Willetta.Alarise@gmail.com,worker
904,Lonnie,Cynar,Lonnie.Cynar@yopmail.com,Lonnie.Cynar@gmail.com,police officer
905,Melina,Stuart,Melina.Stuart@yopmail.com,Melina.Stuart@gmail.com,worker
906,Keelia,Ariella,Keelia.Ariella@yopmail.com,Keelia.Ariella@gmail.com,police officer
907,Frances,Gaynor,Frances.Gaynor@yopmail.com,Frances.Gaynor@gmail.com,worker
908,Debee,Revkah,Debee.Revkah@yopmail.com,Debee.Revkah@gmail.com,doctor
909,Lynea,Olympium,Lynea.Olympium@yopmail.com,Lynea.Olympium@gmail.com,developer
910,Drucie,Minetta,Drucie.Minetta@yopmail.com,Drucie.Minetta@gmail.com,firefighter
911,Trixi,Helfand,Trixi.Helfand@yopmail.com,Trixi.Helfand@gmail.com,police officer
912,Mary,Engdahl,Mary.Engdahl@yopmail.com,Mary.Engdahl@gmail.com,developer
913,Elena,Riordan,Elena.Riordan@yopmail.com,Elena.Riordan@gmail.com,doctor
914,Gusty,Pettiford,Gusty.Pettiford@yopmail.com,Gusty.Pettiford@gmail.com,worker
915,Deirdre,Schlosser,Deirdre.Schlosser@yopmail.com,Deirdre.Schlosser@gmail.com,developer
916,Lynea,Nunci,Lynea.Nunci@yopmail.com,Lynea.Nunci@gmail.com,developer
917,Fernande,Avi,Fernande.Avi@yopmail.com,Fernande.Avi@gmail.com,firefighter
918,Minda,Rudolph,Minda.Rudolph@yopmail.com,Minda.Rudolph@gmail.com,doctor
919,Clo,Tomasina,Clo.Tomasina@yopmail.com,Clo.Tomasina@gmail.com,doctor
920,Marinna,Evangelia,Marinna.Evangelia@yopmail.com,Marinna.Evangelia@gmail.com,doctor
921,Bertine,Raseda,Bertine.Raseda@yopmail.com,Bertine.Raseda@gmail.com,worker
922,Dorene,Morgun,Dorene.Morgun@yopmail.com,Dorene.Morgun@gmail.com,worker
923,Anallese,Klemperer,Anallese.Klemperer@yopmail.com,Anallese.Klemperer@gmail.com,police officer
924,Loree,Seligman,Loree.Seligman@yopmail.com,Loree.Seligman@gmail.com,developer
925,Winny,Leary,Winny.Leary@yopmail.com,Winny.Leary@gmail.com,firefighter
926,Margarette,Bonilla,Margarette.Bonilla@yopmail.com,Margarette.Bonilla@gmail.com,police officer
927,Margette,Rossner,Margette.Rossner@yopmail.com,Margette.Rossner@gmail.com,doctor
928,Vivia,Brotherson,Vivia.Brotherson@yopmail.com,Vivia.Brotherson@gmail.com,developer
929,Gilligan,Amand,Gilligan.Amand@yopmail.com,Gilligan.Amand@gmail.com,firefighter
930,Fredericka,Cath,Fredericka.Cath@yopmail.com,Fredericka.Cath@gmail.com,worker
931,Moyna,Ortrude,Moyna.Ortrude@yopmail.com,Moyna.Ortrude@gmail.com,police officer
932,Elora,Yerkovich,Elora.Yerkovich@yopmail.com,Elora.Yerkovich@gmail.com,developer
933,Clarice,Eliathas,Clarice.Eliathas@yopmail.com,Clarice.Eliathas@gmail.com,worker
934,Maurene,Mehalek,Maurene.Mehalek@yopmail.com,Maurene.Mehalek@gmail.com,doctor
935,Flo,Myrilla,Flo.Myrilla@yopmail.com,Flo.Myrilla@gmail.com,developer
936,Paule,Shaver,Paule.Shaver@yopmail.com,Paule.Shaver@gmail.com,firefighter
937,Justinn,Nikaniki,Justinn.Nikaniki@yopmail.com,Justinn.Nikaniki@gmail.com,police officer
938,Susette,Blase,Susette.Blase@yopmail.com,Susette.Blase@gmail.com,doctor
939,Heddie,Pacorro,Heddie.Pacorro@yopmail.com,Heddie.Pacorro@gmail.com,developer
940,Edyth,Martguerita,Edyth.Martguerita@yopmail.com,Edyth.Martguerita@gmail.com,doctor
941,Britni,Fabiola,Britni.Fabiola@yopmail.com,Britni.Fabiola@gmail.com,developer
942,Brietta,Howlyn,Brietta.Howlyn@yopmail.com,Brietta.Howlyn@gmail.com,firefighter
943,Winifred,Stoller,Winifred.Stoller@yopmail.com,Winifred.Stoller@gmail.com,developer
944,Lolita,Armanda,Lolita.Armanda@yopmail.com,Lolita.Armanda@gmail.com,doctor
945,Deloria,Kimmie,Deloria.Kimmie@yopmail.com,Deloria.Kimmie@gmail.com,doctor
946,Oralee,Lorenz,Oralee.Lorenz@yopmail.com,Oralee.Lorenz@gmail.com,police officer
947,Cordi,Herrera,Cordi.Herrera@yopmail.com,Cordi.Herrera@gmail.com,developer
948,Carol-Jean,Friede,Carol-Jean.Friede@yopmail.com,Carol-Jean.Friede@gmail.com,police officer
949,Isa,Fennessy,Isa.Fennessy@yopmail.com,Isa.Fennessy@gmail.com,firefighter
950,Felice,Kauppi,Felice.Kauppi@yopmail.com,Felice.Kauppi@gmail.com,developer
951,Cristine,Boycey,Cristine.Boycey@yopmail.com,Cristine.Boycey@gmail.com,firefighter
952,Suzette,Mich,Suzette.Mich@yopmail.com,Suzette.Mich@gmail.com,firefighter
953,Jasmina,Mehalek,Jasmina.Mehalek@yopmail.com,Jasmina.Mehalek@gmail.com,police officer
954,Calla,Loleta,Calla.Loleta@yopmail.com,Calla.Loleta@gmail.com,firefighter
955,Lanna,Elvyn,Lanna.Elvyn@yopmail.com,Lanna.Elvyn@gmail.com,doctor
956,Clarice,Sallyann,Clarice.Sallyann@yopmail.com,Clarice.Sallyann@gmail.com,doctor
957,Shel,Docilla,Shel.Docilla@yopmail.com,Shel.Docilla@gmail.com,worker
958,Libbie,Gunn,Libbie.Gunn@yopmail.com,Libbie.Gunn@gmail.com,worker
959,Caritta,Kravits,Caritta.Kravits@yopmail.com,Caritta.Kravits@gmail.com,police officer
960,Gertrud,Darian,Gertrud.Darian@yopmail.com,Gertrud.Darian@gmail.com,firefighter
961,Briney,Aldric,Briney.Aldric@yopmail.com,Briney.Aldric@gmail.com,police officer
962,Robbi,Shaver,Robbi.Shaver@yopmail.com,Robbi.Shaver@gmail.com,developer
963,Mariann,Blase,Mariann.Blase@yopmail.com,Mariann.Blase@gmail.com,developer
964,Jsandye,Nadia,Jsandye.Nadia@yopmail.com,Jsandye.Nadia@gmail.com,worker
965,Paule,Raychel,Paule.Raychel@yopmail.com,Paule.Raychel@gmail.com,police officer
966,Arabel,Faro,Arabel.Faro@yopmail.com,Arabel.Faro@gmail.com,police officer
967,Paule,Madox,Paule.Madox@yopmail.com,Paule.Madox@gmail.com,developer
968,Rosabelle,Annabella,Rosabelle.Annabella@yopmail.com,Rosabelle.Annabella@gmail.com,police officer
969,Vonny,Velick,Vonny.Velick@yopmail.com,Vonny.Velick@gmail.com,police officer
970,Wynne,Palocz,Wynne.Palocz@yopmail.com,Wynne.Palocz@gmail.com,doctor
971,Aubrie,Hieronymus,Aubrie.Hieronymus@yopmail.com,Aubrie.Hieronymus@gmail.com,worker
972,Flory,Philipp,Flory.Philipp@yopmail.com,Flory.Philipp@gmail.com,worker
973,Trixi,Ingra,Trixi.Ingra@yopmail.com,Trixi.Ingra@gmail.com,police officer
974,Meg,Calhoun,Meg.Calhoun@yopmail.com,Meg.Calhoun@gmail.com,firefighter
975,Rubie,Azeria,Rubie.Azeria@yopmail.com,Rubie.Azeria@gmail.com,developer
976,Lorne,Santoro,Lorne.Santoro@yopmail.com,Lorne.Santoro@gmail.com,developer
977,Fanchon,Morgun,Fanchon.Morgun@yopmail.com,Fanchon.Morgun@gmail.com,developer
978,Dania,Wilkinson,Dania.Wilkinson@yopmail.com,Dania.Wilkinson@gmail.com,worker
979,Susette,Jena,Susette.Jena@yopmail.com,Susette.Jena@gmail.com,developer
980,Mahalia,Cutlerr,Mahalia.Cutlerr@yopmail.com,Mahalia.Cutlerr@gmail.com,police officer
981,Giustina,Eben,Giustina.Eben@yopmail.com,Giustina.Eben@gmail.com,worker
982,Rozele,Urias,Rozele.Urias@yopmail.com,Rozele.Urias@gmail.com,developer
983,Mellicent,Egbert,Mellicent.Egbert@yopmail.com,Mellicent.Egbert@gmail.com,developer
984,Iseabal,Mendez,Iseabal.Mendez@yopmail.com,Iseabal.Mendez@gmail.com,developer
985,Susette,Garek,Susette.Garek@yopmail.com,Susette.Garek@gmail.com,developer
986,Gilda,Helfand,Gilda.Helfand@yopmail.com,Gilda.Helfand@gmail.com,police officer
987,Marnia,Weaks,Marnia.Weaks@yopmail.com,Marnia.Weaks@gmail.com,firefighter
988,Margarette,Martguerita,Margarette.Martguerita@yopmail.com,Margarette.Martguerita@gmail.com,firefighter
989,Iseabal,Cleavland,Iseabal.Cleavland@yopmail.com,Iseabal.Cleavland@gmail.com,worker
990,Jsandye,Hewitt,Jsandye.Hewitt@yopmail.com,Jsandye.Hewitt@gmail.com,doctor
991,Charlena,Serilda,Charlena.Serilda@yopmail.com,Charlena.Serilda@gmail.com,police officer
992,Donetta,Edmund,Donetta.Edmund@yopmail.com,Donetta.Edmund@gmail.com,firefighter
993,Janis,Torray,Janis.Torray@yopmail.com,Janis.Torray@gmail.com,police officer
994,Benita,Emmy,Benita.Emmy@yopmail.com,Benita.Emmy@gmail.com,doctor
995,Gertrud,Gwenore,Gertrud.Gwenore@yopmail.com,Gertrud.Gwenore@gmail.com,worker
996,Gratia,Colleen,Gratia.Colleen@yopmail.com,Gratia.Colleen@gmail.com,doctor
997,Sindee,Lemuela,Sindee.Lemuela@yopmail.com,Sindee.Lemuela@gmail.com,worker
998,Vere,Caitlin,Vere.Caitlin@yopmail.com,Vere.Caitlin@gmail.com,firefighter
999,Aurore,Cottle,Aurore.Cottle@yopmail.com,Aurore.Cottle@gmail.com,developer
1000,Libbie,Carbo,Libbie.Carbo@yopmail.com,Libbie.Carbo@gmail.com,developer
1001,Rochette,Dreda,Rochette.Dreda@yopmail.com,Rochette.Dreda@gmail.com,doctor
1002,Livvyy,Mayeda,Livvyy.Mayeda@yopmail.com,Livvyy.Mayeda@gmail.com,doctor
1003,Jeanna,Gilmour,Jeanna.Gilmour@yopmail.com,Jeanna.Gilmour@gmail.com,firefighter
1004,Mady,Thornburg,Mady.Thornburg@yopmail.com,Mady.Thornburg@gmail.com,police officer
1005,Chloris,Cecile,Chloris.Cecile@yopmail.com,Chloris.Cecile@gmail.com,worker
1006,Mallory,Sasnett,Mallory.Sasnett@yopmail.com,Mallory.Sasnett@gmail.com,firefighter
1007,Consuela,Bronk,Consuela.Bronk@yopmail.com,Consuela.Bronk@gmail.com,developer
1008,Clarice,Goddard,Clarice.Goddard@yopmail.com,Clarice.Goddard@gmail.com,doctor
1009,Tersina,Bartlett,Tersina.Bartlett@yopmail.com,Tersina.Bartlett@gmail.com,police officer
1010,Maryellen,Rudolph,Maryellen.Rudolph@yopmail.com,Maryellen.Rudolph@gmail.com,developer
1011,Kristan,Warthman,Kristan.Warthman@yopmail.com,Kristan.Warthman@gmail.com,police officer
1012,Althea,Mandler,Althea.Mandler@yopmail.com,Althea.Mandler@gmail.com,developer
1013,Carol-Jean,Valoniah,Carol-Jean.Valoniah@yopmail.com,Carol-Jean.Valoniah@gmail.com,worker
1014,Michaelina,Jerald,Michaelina.Jerald@yopmail.com,Michaelina.Jerald@gmail.com,police officer
1015,Nyssa,Freddi,Nyssa.Freddi@yopmail.com,Nyssa.Freddi@gmail.com,doctor
1016,Roz,Yusuk,Roz.Yusuk@yopmail.com,Roz.Yusuk@gmail.com,developer
1017,Gavrielle,Bebe,Gavrielle.Bebe@yopmail.com,Gavrielle.Bebe@gmail.com,worker
1018,Nariko,Aldric,Nariko.Aldric@yopmail.com,Nariko.Aldric@gmail.com,doctor
1019,Sallie,Bennie,Sallie.Bennie@yopmail.com,Sallie.Bennie@gmail.com,doctor
1020,Maurene,Alrich,Maurene.Alrich@yopmail.com,Maurene.Alrich@gmail.com,doctor
1021,Margarette,Shama,Margarette.Shama@yopmail.com,Margarette.Shama@gmail.com,police officer
1022,Beverley,Sandye,Beverley.Sandye@yopmail.com,Beverley.Sandye@gmail.com,firefighter
1023,Ardys,Gusella,Ardys.Gusella@yopmail.com,Ardys.Gusella@gmail.com,developer
1024,Ida,Hourigan,Ida.Hourigan@yopmail.com,Ida.Hourigan@gmail.com,doctor
1025,Arlena,Lilas,Arlena.Lilas@yopmail.com,Arlena.Lilas@gmail.com,police officer
1026,Zsa Zsa,Fiester,Zsa Zsa.Fiester@yopmail.com,Zsa Zsa.Fiester@gmail.com,doctor
1027,Yetty,Rosalba,Yetty.Rosalba@yopmail.com,Yetty.Rosalba@gmail.com,police officer
1028,Kimberley,Delila,Kimberley.Delila@yopmail.com,Kimberley.Delila@gmail.com,doctor
1029,Sara-Ann,Philoo,Sara-Ann.Philoo@yopmail.com,Sara-Ann.Philoo@gmail.com,worker
1030,Sherrie,McLaughlin,Sherrie.McLaughlin@yopmail.com,Sherrie.McLaughlin@gmail.com,firefighter
1031,Bernardine,Tacye,Bernardine.Tacye@yopmail.com,Bernardine.Tacye@gmail.com,developer
1032,Adelle,Holtz,Adelle.Holtz@yopmail.com,Adelle.Holtz@gmail.com,worker
1033,Dania,Gilbertson,Dania.Gilbertson@yopmail.com,Dania.Gilbertson@gmail.com,worker
1034,Emmey,Presber,Emmey.Presber@yopmail.com,Emmey.Presber@gmail.com,firefighter
1035,Kimberley,Joli,Kimberley.Joli@yopmail.com,Kimberley.Joli@gmail.com,doctor
1036,Tersina,Lumbard,Tersina.Lumbard@yopmail.com,Tersina.Lumbard@gmail.com,police officer
1037,Corene,Erlandson,Corene.Erlandson@yopmail.com,Corene.Erlandson@gmail.com,worker
1038,Raf,Mathilde,Raf.Mathilde@yopmail.com,Raf.Mathilde@gmail.com,firefighter
1039,Bobbi,Thornburg,Bobbi.Thornburg@yopmail.com,Bobbi.Thornburg@gmail.com,police officer
1040,Clarice,Sinegold,Clarice.Sinegold@yopmail.com,Clarice.Sinegold@gmail.com,police officer
1041,Rayna,Lilas,Rayna.Lilas@yopmail.com,Rayna.Lilas@gmail.com,doctor
1042,Ebonee,Bertold,Ebonee.Bertold@yopmail.com,Ebonee.Bertold@gmail.com,firefighter
1043,Sean,Hubert,Sean.Hubert@yopmail.com,Sean.Hubert@gmail.com,developer
1044,Clarice,Mich,Clarice.Mich@yopmail.com,Clarice.Mich@gmail.com,police officer
1045,Tera,Brieta,Tera.Brieta@yopmail.com,Tera.Brieta@gmail.com,developer
1046,Taffy,Tremayne,Taffy.Tremayne@yopmail.com,Taffy.Tremayne@gmail.com,doctor
1047,Nickie,Alarise,Nickie.Alarise@yopmail.com,Nickie.Alarise@gmail.com,firefighter
1048,Tonia,Israeli,Tonia.Israeli@yopmail.com,Tonia.Israeli@gmail.com,developer
1049,Beverley,Halsey,Beverley.Halsey@yopmail.com,Beverley.Halsey@gmail.com,worker
1050,Molli,Oster,Molli.Oster@yopmail.com,Molli.Oster@gmail.com,developer
1051,Flory,Rosalba,Flory.Rosalba@yopmail.com,Flory.Rosalba@gmail.com,police officer
1052,Celisse,Frendel,Celisse.Frendel@yopmail.com,Celisse.Frendel@gmail.com,firefighter
1053,Viviene,Jerald,Viviene.Jerald@yopmail.com,Viviene.Jerald@gmail.com,firefighter
1054,Celene,Vivle,Celene.Vivle@yopmail.com,Celene.Vivle@gmail.com,developer
1055,Allis,Charmine,Allis.Charmine@yopmail.com,Allis.Charmine@gmail.com,firefighter
1056,Dione,Vins,Dione.Vins@yopmail.com,Dione.Vins@gmail.com,police officer
1057,Etta,Kare,Etta.Kare@yopmail.com,Etta.Kare@gmail.com,worker
1058,Nessie,Florina,Nessie.Florina@yopmail.com,Nessie.Florina@gmail.com,firefighter
1059,Basia,Suk,Basia.Suk@yopmail.com,Basia.Suk@gmail.com,police officer
1060,Steffane,Charmine,Steffane.Charmine@yopmail.com,Steffane.Charmine@gmail.com,worker
1061,Corry,Diogenes,Corry.Diogenes@yopmail.com,Corry.Diogenes@gmail.com,worker
1062,Mady,Fontana,Mady.Fontana@yopmail.com,Mady.Fontana@gmail.com,developer
1063,Ira,Fabiola,Ira.Fabiola@yopmail.com,Ira.Fabiola@gmail.com,developer
1064,Karina,Garek,Karina.Garek@yopmail.com,Karina.Garek@gmail.com,firefighter
1065,Beth,Radu,Beth.Radu@yopmail.com,Beth.Radu@gmail.com,worker
1066,Christian,Truc,Christian.Truc@yopmail.com,Christian.Truc@gmail.com,police officer
1067,Sharai,Rillings,Sharai.Rillings@yopmail.com,Sharai.Rillings@gmail.com,police officer
1068,Orelia,Jammal,Orelia.Jammal@yopmail.com,Orelia.Jammal@gmail.com,worker
1069,Vinita,Emerson,Vinita.Emerson@yopmail.com,Vinita.Emerson@gmail.com,firefighter
1070,Devina,Sholley,Devina.Sholley@yopmail.com,Devina.Sholley@gmail.com,firefighter
1071,Ericka,Tamar,Ericka.Tamar@yopmail.com,Ericka.Tamar@gmail.com,developer
1072,Trixi,Tamar,Trixi.Tamar@yopmail.com,Trixi.Tamar@gmail.com,police officer
1073,Cassandra,Carey,Cassandra.Carey@yopmail.com,Cassandra.Carey@gmail.com,firefighter
1074,Dyann,Daniele,Dyann.Daniele@yopmail.com,Dyann.Daniele@gmail.com,police officer
1075,Jemie,Drisko,Jemie.Drisko@yopmail.com,Jemie.Drisko@gmail.com,police officer
1076,Alejandra,Jacobah,Alejandra.Jacobah@yopmail.com,Alejandra.Jacobah@gmail.com,doctor
1077,Tabbatha,Dom,Tabbatha.Dom@yopmail.com,Tabbatha.Dom@gmail.com,firefighter
1078,Lily,Lindemann,Lily.Lindemann@yopmail.com,Lily.Lindemann@gmail.com,doctor
1079,Adele,Stilwell,Adele.Stilwell@yopmail.com,Adele.Stilwell@gmail.com,doctor
1080,Rivalee,Kannry,Rivalee.Kannry@yopmail.com,Rivalee.Kannry@gmail.com,doctor
1081,Ronna,Vernier,Ronna.Vernier@yopmail.com,Ronna.Vernier@gmail.com,developer
1082,Fayre,Drisko,Fayre.Drisko@yopmail.com,Fayre.Drisko@gmail.com,firefighter
1083,Aimil,Belldas,Aimil.Belldas@yopmail.com,Aimil.Belldas@gmail.com,developer
1084,Hope,Fiester,Hope.Fiester@yopmail.com,Hope.Fiester@gmail.com,doctor
1085,Meghann,Cottle,Meghann.Cottle@yopmail.com,Meghann.Cottle@gmail.com,police officer
1086,Emma,Flita,Emma.Flita@yopmail.com,Emma.Flita@gmail.com,worker
1087,Elka,Old,Elka.Old@yopmail.com,Elka.Old@gmail.com,worker
1088,Roseline,Wilkinson,Roseline.Wilkinson@yopmail.com,Roseline.Wilkinson@gmail.com,firefighter
1089,Winifred,Barney,Winifred.Barney@yopmail.com,Winifred.Barney@gmail.com,firefighter
1090,Codie,Cressida,Codie.Cressida@yopmail.com,Codie.Cressida@gmail.com,doctor
1091,Anthia,Bendick,Anthia.Bendick@yopmail.com,Anthia.Bendick@gmail.com,police officer
1092,Clo,Anastatius,Clo.Anastatius@yopmail.com,Clo.Anastatius@gmail.com,police officer
1093,Sharai,Goth,Sharai.Goth@yopmail.com,Sharai.Goth@gmail.com,worker
1094,Kaja,Shields,Kaja.Shields@yopmail.com,Kaja.Shields@gmail.com,worker
1095,Marnia,Sharl,Marnia.Sharl@yopmail.com,Marnia.Sharl@gmail.com,doctor
1096,Lizzie,Fontana,Lizzie.Fontana@yopmail.com,Lizzie.Fontana@gmail.com,worker
1097,Shauna,Tremayne,Shauna.Tremayne@yopmail.com,Shauna.Tremayne@gmail.com,worker
1098,Stevana,Chem,Stevana.Chem@yopmail.com,Stevana.Chem@gmail.com,doctor
1099,Ana,Libna,Ana.Libna@yopmail.com,Ana.Libna@gmail.com,police officer